t_wall_iso,t_elapsed_s,frame_ag_two,cumulativeRewardAgent,cumulativeRewardAverage_two,epsilon_two,hits_counter,episodes
2025-11-17T11:17:42,4.818,1174,-4.901056535177271,-0.04901056535177271,0.9883873,1,1
2025-11-17T11:17:47,9.726,2868,-4.77100833847416,-0.09672064873651431,0.9716167,2,2
2025-11-17T11:18:47,4.752,1174,-4.903890479058774,-0.049038904790587735,0.9883873,1,1
2025-11-17T11:18:52,9.116,1828,-5.621586643257918,-0.1052547712231669,0.9819127,0,2
2025-11-17T11:18:56,13.723,3002,-4.4388528850738105,-0.149643300073905,0.9702901,1,3
2025-11-17T11:19:01,18.575,4696,-4.75681121039802,-0.1972114121778852,0.9535195,2,4
2025-11-17T11:19:06,23.057,5350,-5.1816174268159045,-0.24902758644604425,0.9470449,0,5
2025-11-17T11:19:10,27.792,6524,-4.938733292691948,-0.29841491937296377,0.9354223,1,6
2025-11-17T11:19:15,32.679,8218,-4.216323485363181,-0.3405781542265956,0.9186517,2,7
2025-11-17T11:19:20,37.057,8872,-5.613691906415813,-0.3967150732907537,0.9121771,0,8
2025-11-17T11:19:24,41.448,9526,-5.1561133132323995,-0.44827620642307764,0.9057025,0,9
2025-11-17T11:19:29,45.861,10180,-5.128609908018912,-0.49956230550326675,0.8992279,0,10
2025-11-17T11:19:33,50.556,11354,-4.911349479860323,-0.54867580030187,0.8876053,1,11
2025-11-17T11:19:38,54.949,12008,-5.108744892179768,-0.5997632492236677,0.8811307,0,12
2025-11-17T11:19:42,59.716,13182,-4.976327277654354,-0.6495265220002112,0.8695081,1,13
2025-11-17T11:19:47,64.204,13836,-5.5985347200489874,-0.7055118692007011,0.8630335,0,14
2025-11-17T11:19:51,68.654,14490,-5.173722689973799,-0.7572490961004391,0.8565589,0,15
2025-11-17T11:19:56,73.095,15144,-5.158685095988837,-0.8088359470603274,0.8500843,0,16
2025-11-17T11:20:00,77.568,15798,-5.643647502003874,-0.8652724220803661,0.8436097,0,17
2025-11-17T11:20:05,82.03,16452,-5.173722689973799,-0.9170096489801041,0.8371351,0,18
2025-11-17T11:20:09,86.514,17106,-5.14139186290613,-0.9684235676091655,0.8306605,0,19
2025-11-17T11:20:14,91.053,17760,-5.6737226899738,-1.0251607945089034,0.8241859,0,20
2025-11-17T11:20:18,95.583,18414,-5.1436475020038745,-1.076597269528942,0.8177113,0,21
2025-11-17T11:20:23,100.109,19068,-5.1662038929813185,-1.1282593084587553,0.8112367,0,22
2025-11-17T11:20:27,104.649,19722,-5.658685095988837,-1.1848461594186437,0.8047621,0,23
2025-11-17T11:20:33,110.803,20376,-5.151285891378218,-1.236359018332426,0.7982875,0,24
2025-11-17T11:20:47,124.695,22590,-4.061671437176319,-1.276975732704189,0.7763689,3,25
2025-11-17T11:20:54,131.659,23244,-5.168895268119618,-1.3286646853853852,0.7698943,0,26
2025-11-17T11:21:06,143.457,24938,-4.7563754743574655,-1.37622844012896,0.7531237,2,27
2025-11-17T11:21:18,155.36,26632,-4.246076716017109,-1.418689207289131,0.7363531,2,28
2025-11-17T11:21:27,164.765,27806,-4.951199103920473,-1.468201198328336,0.7247304999999999,1,29
2025-11-17T11:21:37,174.251,28980,-4.918552133194112,-1.517386719660277,0.7131079,1,30
2025-11-17T11:21:44,181.361,29634,-5.143767094385737,-1.5688243906041344,0.7066333,0,31
2025-11-17T11:21:51,188.448,30288,-5.146338877142174,-1.6202877793755561,0.7001587,0,32
2025-11-17T11:21:58,195.568,30942,-5.611000531277512,-1.6763977846883313,0.6936841,0,33
2025-11-17T11:22:05,202.649,31596,-5.161120123659376,-1.728008985924925,0.6872095,0,34
2025-11-17T11:22:12,209.781,32250,-5.203917470325587,-1.7800481606281808,0.6807349,0,35
2025-11-17T11:22:20,216.894,32904,-5.676097921453406,-1.836809139842715,0.6742603,0,36
2025-11-17T11:22:27,224.0,33558,-5.1411953116293,-1.8882210929590082,0.6677857,0,37
2025-11-17T11:22:34,231.084,34212,-5.131617426815905,-1.9395372672271671,0.6613111,0,38
2025-11-17T11:22:43,240.703,35386,-4.948681303697664,-1.9890240802641437,0.6496885,1,39
2025-11-17T11:22:51,247.928,36040,-5.101602035036911,-2.040040100614513,0.6432139,0,40
2025-11-17T11:22:58,255.09,36694,-5.676097921453406,-2.096801079829047,0.6367393,0,41
2025-11-17T11:23:07,264.747,37868,-4.97118371214148,-2.1465129169504618,0.6251167,1,42
2025-11-17T11:23:17,274.495,39042,-4.461463258584882,-2.1911275495363105,0.6134941,1,43
2025-11-17T11:23:24,281.724,39696,-5.671706235639781,-2.2478446118927082,0.6070195,0,44
2025-11-17T11:23:32,288.98,40350,-5.138623528872863,-2.299230847181437,0.6005449,0,45
2025-11-17T11:23:39,296.148,41004,-5.19865431243085,-2.3512173903057456,0.5940703,0,46
2025-11-17T11:23:51,308.481,42698,-4.756178923080634,-2.398779179536552,0.5772997,2,47
2025-11-17T11:23:58,315.813,43352,-5.133676514636819,-2.45011594468292,0.5708251,0,48
2025-11-17T11:24:06,323.026,44006,-5.121210703408294,-2.5013280517170027,0.5643505,0,49
2025-11-17T11:24:13,330.363,44660,-5.6561133132323995,-2.557889184849327,0.5578759,0,50
2025-11-17T11:24:20,337.677,45314,-5.1685791244609245,-2.609574976093936,0.5514013,0,51
2025-11-17T11:24:30,347.527,46488,-4.923695698706985,-2.658811933081006,0.5397787000000001,1,52
2025-11-17T11:24:40,357.85,47662,-5.013921262616759,-2.7089511457071733,0.5281561,1,53
2025-11-17T11:24:49,365.92,48316,-5.1735859348879005,-2.7606870050560524,0.5216815,0,54
2025-11-17T11:24:56,373.26,48970,-5.6836167184458875,-2.817523172240511,0.5152069,0,55
2025-11-17T11:25:03,380.568,49624,-5.188879876340624,-2.8694119710039176,0.5087322999999999,0,56
2025-11-17T11:25:11,387.88,50278,-5.153541530475962,-2.920947386308677,0.5022576999999999,0,57
2025-11-17T11:25:18,395.183,50932,-5.6485945162399185,-2.9774333314710764,0.49578310000000003,0,58
2025-11-17T11:25:25,402.437,51586,-5.1590610358384605,-3.029023941829461,0.48930850000000004,0,59
2025-11-17T11:25:32,409.793,52240,-5.188879876340624,-3.0809127405928676,0.48283390000000004,0,60
2025-11-17T11:25:40,416.992,52894,-5.666323485363181,-3.1375759754464996,0.47635930000000004,0,61
2025-11-17T11:25:47,424.203,53548,-5.158488544712007,-3.1891608608936197,0.46988470000000004,0,62
2025-11-17T11:25:57,434.023,54722,-4.9038306828678415,-3.238199167722298,0.4582621,1,63
2025-11-17T11:26:04,441.259,55376,-5.158488544712007,-3.2897840531694182,0.4517875,0,64
2025-11-17T11:26:11,448.587,56030,-5.1711509072173625,-3.3414955622415916,0.4453129,0,65
2025-11-17T11:26:19,455.868,56684,-5.6786697042098435,-3.3982822592836897,0.4388383,0,66
2025-11-17T11:26:26,463.135,57338,-5.211120123659375,-3.4503934605202833,0.4323637,0,67
2025-11-17T11:26:33,470.456,57992,-5.688879876340625,-3.50728225928369,0.4258891,0,68
2025-11-17T11:26:40,477.735,58646,-5.1911355154383685,-3.559193614438074,0.4194145,0,69
2025-11-17T11:26:48,485.081,59300,-5.188879876340624,-3.6110824132014803,0.4129399,0,70
2025-11-17T11:26:58,495.023,60474,-4.968546319536808,-3.6607678763968483,0.4013173,1,71
2025-11-17T11:27:08,504.865,61648,-4.9839656670286985,-3.7106075330671353,0.38969469999999995,1,72
2025-11-17T11:27:15,512.207,62302,-5.136248297393256,-3.761970016041068,0.38322009999999995,0,73
2025-11-17T11:27:22,519.555,62956,-5.658685095988837,-3.8185568670009564,0.37674549999999996,0,74
2025-11-17T11:27:37,534.845,65170,-3.5636649151489985,-3.8541935161524465,0.35482689999999995,3,75
2025-11-17T11:27:48,544.868,66344,-4.943996450586685,-3.903633480658313,0.3432043,1,76
2025-11-17T11:27:55,552.248,66998,-5.608864484561631,-3.9597221255039297,0.3367297,0,77
2025-11-17T11:28:05,562.294,68172,-4.4689280730437355,-4.004411406234367,0.3251071,1,78
2025-11-17T11:28:12,569.715,68826,-5.683616718445888,-4.061247573418826,0.3186325,0,79
2025-11-17T11:28:22,579.84,70000,-3.978702509133961,-4.101034598510165,0.30700989999999995,1,80
2025-11-17T11:28:30,587.276,70654,-5.618322776993164,-4.157217826280097,0.30053529999999995,0,81
2025-11-17T11:28:40,597.329,71828,-4.978702509133961,-4.207004851371436,0.2889127,1,82
2025-11-17T11:28:47,604.822,72482,-5.171150907217362,-4.25871636044361,0.2824381,0,83
2025-11-17T11:28:55,612.275,73136,-5.108744892179768,-4.309803809365407,0.27596350000000003,0,84
2025-11-17T11:29:05,622.53,74310,-4.968808480661872,-4.359491894172026,0.2643409,1,85
2025-11-17T11:29:13,630.192,74964,-5.6185193282699935,-4.415677087454726,0.2578663,0,86
2025-11-17T11:29:20,637.742,75618,-5.121210703408293,-4.466889194488809,0.2513917,0,87
2025-11-17T11:29:28,645.406,76272,-5.138503936491,-4.518274233853719,0.2449171,0,88
2025-11-17T11:29:36,652.967,76926,-5.633676514636818,-4.574610999000087,0.2384425,0,89
2025-11-17T11:29:44,660.912,77580,-5.106173109423332,-4.62567273009432,0.2319679,0,90
2025-11-17T11:29:51,668.563,78234,-5.106292701805194,-4.676735657112372,0.2254933,0,91
2025-11-17T11:29:59,676.135,78888,-5.5963986733331055,-4.732699643845703,0.2190187,0,92
2025-11-17T11:30:06,683.811,79542,-5.123466342506038,-4.783934307270764,0.2125441,0,93
2025-11-17T11:30:17,694.176,80716,-5.0009967389863395,-4.833944274660627,0.20092149999999998,1,94
2025-11-17T11:30:25,701.872,81370,-5.1911355154383685,-4.885855629815011,0.19444689999999998,0,95
2025-11-17T11:30:32,709.417,82024,-5.1911355154383685,-4.937766984969395,0.18797229999999998,0,96
2025-11-17T11:30:40,716.991,82678,-5.648714108621782,-4.994254126055612,0.18149769999999998,0,97
2025-11-17T11:30:47,724.626,83332,-5.153857674134655,-5.045792702796959,0.1750231,0,98
2025-11-17T11:30:55,732.337,83986,-5.706173109423331,-5.102854433891192,0.1685485,0,99
2025-11-17T11:31:03,739.976,84640,-5.1986543124308495,-5.1548409770155015,0.1620739,0,100
2025-11-17T11:31:10,747.672,85294,-5.173842282355662,-5.15754049504847,0.1555993,0,101
2025-11-17T11:31:18,755.279,85948,-5.6911355154383685,-5.1582359837702745,0.1491247,0,102
2025-11-17T11:31:26,762.92,86602,-5.168698716842788,-5.1655344420879645,0.1426501,0,103
2025-11-17T11:31:33,770.561,87256,-5.1438866867676,-5.16940519685166,0.1361755,0,104
2025-11-17T11:31:44,781.082,88430,-4.923553129963783,-5.1668245538831385,0.12455289999999997,1,105
2025-11-17T11:31:51,788.835,89084,-5.154096858898381,-5.168978189545203,0.11807829999999997,0,106
2025-11-17T11:32:02,799.502,90258,-4.908777697103886,-5.17590273166261,0.10645570000000004,1,107
2025-11-17T11:32:14,811.638,91432,-4.968808480661872,-5.16945389740507,0.0948331,1,108
2025-11-17T11:32:22,819.443,92086,-5.21626368917225,-5.170055401164469,0.0883585,0,109
2025-11-17T11:32:30,827.258,92740,-5.6786697042098435,-5.175555999126377,0.08188390000000001,0,110
2025-11-17T11:32:38,835.04,93394,-5.1060535170414685,-5.1775030394981885,0.07540930000000001,0,111
2025-11-17T11:32:45,842.783,94048,-5.081044935689451,-5.177226039933285,0.06893470000000002,0,112
2025-11-17T11:32:53,850.598,94702,-5.708744892179768,-5.18455021607854,0.06246010000000002,0,113
2025-11-17T11:33:01,858.397,95356,-5.138820080149692,-5.179953069679548,0.05598550000000002,0,114
2025-11-17T11:33:15,872.222,97050,-4.253923283982891,-5.170755075619639,0.03921489999999994,2,115
2025-11-17T11:33:23,880.065,97704,-5.661436267318068,-5.175782587332931,0.032740299999999944,0,116
2025-11-17T11:33:31,887.912,98358,-5.148397964963089,-5.170830091962523,0.026265699999999947,0,117
2025-11-17T11:33:41,898.821,99532,-4.946371682066292,-5.168556581883448,0.01464310000000002,1,118
2025-11-17T11:33:49,906.593,100186,-5.113811498797675,-5.168280778242364,0.01,0,119
2025-11-17T11:33:57,914.411,100840,-5.608548340902939,-5.167629034751656,0.01,0,120
2025-11-17T11:34:05,922.194,101494,-5.1389396725315555,-5.167581956456931,0.01,0,121
2025-11-17T11:34:13,930.002,102148,-5.146022733483481,-5.167380144861953,0.01,0,122
2025-11-17T11:34:20,937.839,102802,-5.666323485363181,-5.167456528755696,0.01,0,123
2025-11-17T11:34:28,945.617,103456,-5.130985139498519,-5.167253521236899,0.01,0,124
2025-11-17T11:34:39,956.476,104630,-4.9488008960795264,-5.176124815825931,0.01,1,125
2025-11-17T11:34:47,964.267,105284,-5.081480671730006,-5.175250669862034,0.01,0,126
2025-11-17T11:35:04,980.934,107498,-3.9837035059036325,-5.167523950177497,0.01,3,127
2025-11-17T11:35:14,991.69,108672,-4.868922259386432,-5.173752405611189,0.01,1,128
2025-11-17T11:35:25,1002.507,109846,-4.971619448182035,-5.173956609053806,0.01,1,129
2025-11-17T11:35:33,1010.344,110500,-5.176097921453406,-5.1765320669363994,0.01,0,130
2025-11-17T11:35:41,1018.144,111154,-5.1685791244609245,-5.176780187237151,0.01,0,131
2025-11-17T11:35:49,1025.942,111808,-5.688563732681931,-5.182202435792549,0.01,0,132
2025-11-17T11:35:56,1033.757,112462,-5.065887749322625,-5.176751307972999,0.01,0,133
2025-11-17T11:36:04,1041.606,113116,-5.108804688370699,-5.176228153620112,0.01,0,134
2025-11-17T11:36:15,1052.392,114290,-4.941538446554807,-5.173604363382404,0.01,1,135
2025-11-17T11:36:26,1063.12,115464,-4.911469072242186,-5.165958074890292,0.01,1,136
2025-11-17T11:36:39,1076.748,117158,-4.1735801212305965,-5.156281922986306,0.01,2,137
2025-11-17T11:36:47,1084.635,117812,-5.6485945162399185,-5.1614516938805455,0.01,0,138
2025-11-17T11:36:55,1092.423,118466,-5.196398673333105,-5.1639288675769,0.01,0,139
2025-11-17T11:37:09,1106.118,120160,-4.2261577176443375,-5.155174424402974,0.01,2,140
2025-11-17T11:37:17,1113.935,120814,-5.668698716842788,-5.155100432356869,0.01,0,141
2025-11-17T11:37:27,1124.644,121988,-4.941282099087045,-5.1548014162263245,0.01,1,142
2025-11-17T11:37:35,1132.553,122642,-5.124021670928457,-5.16142700034976,0.01,0,143
2025-11-17T11:37:49,1146.365,124336,-4.203655309200522,-5.146746491085367,0.01,2,144
2025-11-17T11:38:00,1157.124,125510,-4.891102710514251,-5.144271282901782,0.01,1,145
2025-11-17T11:38:08,1164.917,126164,-5.148714108621781,-5.143771880863692,0.01,0,146
2025-11-17T11:38:18,1175.738,127338,-4.971303304523342,-5.145923124678117,0.01,1,147
2025-11-17T11:38:26,1183.542,127992,-5.598338168772158,-5.1505697412194715,0.01,0,148
2025-11-17T11:38:37,1194.256,129166,-4.363664915148998,-5.142994283336878,0.01,1,149
2025-11-17T11:38:48,1205.023,130340,-4.963718897682626,-5.136070339181381,0.01,1,150
2025-11-17T11:38:55,1212.841,130994,-5.638307385214171,-5.140767621788913,0.01,0,151
2025-11-17T11:39:06,1223.567,132168,-4.423988866004338,-5.135770553461887,0.01,1,152
2025-11-17T11:39:17,1234.319,133342,-4.9162964940963665,-5.134794305776682,0.01,1,153
2025-11-17T11:39:37,1253.879,136076,-3.336194314859629,-5.1164203895764,0.01,4,154
2025-11-17T11:39:47,1264.665,137250,-4.933589727179074,-5.108920119663732,0.01,1,155
2025-11-17T11:39:55,1272.472,137904,-5.68104493568945,-5.1138417702572205,0.01,0,156
2025-11-17T11:40:06,1283.21,139078,-4.4438538818434825,-5.1067448937708955,0.01,1,157
2025-11-17T11:40:14,1291.01,139732,-5.683736310827751,-5.107096311716773,0.01,0,158
2025-11-17T11:40:24,1301.836,140906,-4.966236697905435,-5.105168068337443,0.01,1,159
2025-11-17T11:40:35,1312.597,142080,-4.3812742918903975,-5.097092012492941,0.01,1,160
2025-11-17T11:40:43,1320.38,142734,-5.68104493568945,-5.097239226996204,0.01,0,161
2025-11-17T11:40:51,1328.158,143388,-5.135932153734563,-5.09701366308643,0.01,0,162
2025-11-17T11:41:02,1338.893,144562,-4.913605118958067,-5.097111407447332,0.01,1,163
2025-11-17T11:41:09,1346.717,145216,-5.168698716842788,-5.097213509168641,0.01,0,164
2025-11-17T11:41:17,1354.544,145870,-5.688683325063795,-5.102388833347104,0.01,0,165
2025-11-17T11:41:28,1365.273,147044,-4.3817100279309535,-5.089419236584315,0.01,1,166
2025-11-17T11:41:36,1373.049,147698,-5.641511455287993,-5.093723149900601,0.01,0,167
2025-11-17T11:41:52,1389.687,149912,-4.025808769061527,-5.07709243882781,0.01,3,168
2025-11-17T11:42:03,1400.406,151086,-4.42881628785852,-5.0694692465520115,0.01,1,169
2025-11-17T11:42:11,1408.261,151740,-5.636248297393256,-5.073942930762538,0.01,0,170
2025-11-17T11:42:19,1416.069,152394,-5.178789296591707,-5.0760453605330875,0.01,0,171
2025-11-17T11:42:29,1426.794,153568,-4.9687855043005325,-5.075893558905805,0.01,1,172
2025-11-17T11:42:40,1437.649,154742,-4.946229113323089,-5.073993367065103,0.01,1,173
2025-11-17T11:42:51,1448.362,155916,-4.931943399037376,-5.066725950095589,0.01,1,174
2025-11-17T11:43:02,1459.117,157090,-4.4563196930720075,-5.0756524978748185,0.01,1,175
2025-11-17T11:43:15,1472.825,158784,-4.735932153734563,-5.073571854906298,0.01,2,176
2025-11-17T11:43:23,1480.622,159438,-5.093826890576668,-5.068421478966448,0.01,0,177
2025-11-17T11:43:34,1491.425,160612,-4.976130726377524,-5.073493505499786,0.01,1,178
2025-11-17T11:43:42,1499.218,161266,-5.139059264913419,-5.068047930964462,0.01,0,179
2025-11-17T11:43:53,1510.502,162440,-4.8841392419441885,-5.077102298292564,0.01,1,180
2025-11-17T11:44:01,1518.453,163094,-5.086308093584187,-5.071782151458475,0.01,0,181
2025-11-17T11:44:12,1529.546,164268,-4.963522346405796,-5.071630349831193,0.01,1,182
2025-11-17T11:44:26,1543.69,165962,-4.688617715215559,-5.066805017911176,0.01,2,183
2025-11-17T11:44:40,1557.807,167656,-4.203601326666894,-5.057753582256047,0.01,2,184
2025-11-17T11:45:01,1578.811,170390,-3.259186441877628,-5.040657361868204,0.01,4,185
2025-11-17T11:45:09,1586.748,171044,-5.126097921453407,-5.035733147800038,0.01,0,186
2025-11-17T11:45:17,1594.677,171698,-5.571270499599225,-5.040233745761947,0.01,0,187
2025-11-17T11:45:28,1605.793,172872,-4.929078448983585,-5.0381394908868735,0.01,1,188
2025-11-17T11:45:42,1619.826,174566,-4.253541530475962,-5.0243381410452645,0.01,2,189
2025-11-17T11:45:50,1627.829,175220,-5.049030252280474,-5.0237667124738365,0.01,0,190
2025-11-17T11:46:01,1638.56,176394,-4.938710316330608,-5.022090888619091,0.01,1,191
2025-11-17T11:46:12,1649.271,177568,-4.943799899309854,-5.015564900878857,0.01,1,192
2025-11-17T11:46:23,1659.993,178742,-4.923672722345646,-5.013566964677254,0.01,1,193
2025-11-17T11:46:33,1670.739,179916,-4.923553129963783,-5.0127925285870285,0.01,1,194
2025-11-17T11:46:44,1681.49,181090,-4.428642712943029,-5.005167600562074,0.01,1,195
2025-11-17T11:46:58,1695.413,182784,-4.791255107820232,-5.001168796485893,0.01,2,196
2025-11-17T11:47:09,1706.47,183958,-4.906086321965586,-4.993742518619331,0.01,1,197
2025-11-17T11:47:17,1714.461,184612,-5.126157717644338,-4.9934655190544275,0.01,0,198
2025-11-17T11:47:25,1722.408,185266,-5.118638920651857,-4.987590177166712,0.01,0,199
2025-11-17T11:47:39,1736.656,186960,-4.6836167184458875,-4.982439801226864,0.01,2,200
2025-11-17T11:47:50,1747.739,188134,-4.421243508332411,-4.974913813486631,0.01,1,201
2025-11-17T11:48:01,1758.762,189308,-4.87118371214148,-4.966714295453663,0.01,1,202
2025-11-17T11:48:09,1766.742,189962,-5.561060327468445,-4.97063791155992,0.01,0,203
2025-11-17T11:48:20,1777.796,191136,-4.423553129963784,-4.963434575991881,0.01,1,204
2025-11-17T11:48:35,1791.994,192830,-4.733294761129891,-4.961531992303542,0.01,2,205
2025-11-17T11:48:43,1799.952,193484,-5.130985139498519,-4.9613008751095435,0.01,0,206
2025-11-17T11:48:54,1810.986,194658,-4.8837035059036324,-4.961050133197542,0.01,1,207
2025-11-17T11:49:02,1819.554,195312,-5.09865431243085,-4.962348591515231,0.01,0,208
2025-11-17T11:49:14,1831.358,196486,-4.906205914347449,-4.959248013766983,0.01,1,209
2025-11-17T11:49:22,1839.821,197140,-5.118638920651857,-4.953647705931402,0.01,0,210
2025-11-17T11:49:31,1847.985,197794,-5.576097921453407,-4.958348149975522,0.01,0,211
2025-11-17T11:49:39,1856.246,198448,-5.168579124460925,-4.959223491863236,0.01,0,212
2025-11-17T11:49:50,1867.503,199622,-4.961093132392562,-4.951746974265364,0.01,1,213
2025-11-17T11:50:07,1884.469,201836,-3.951199103920473,-4.939870764503072,0.01,3,214
2025-11-17T11:50:18,1895.313,203010,-4.423553129963782,-4.941567062962881,0.01,1,215
2025-11-17T11:50:32,1908.988,204704,-4.758542527245634,-4.932538125562157,0.01,2,216
2025-11-17T11:50:45,1922.697,206398,-4.2182571671449285,-4.9232367175839755,0.01,2,217
2025-11-17T11:50:56,1933.464,207572,-4.996169317132158,-4.923734693934635,0.01,1,218
2025-11-17T11:51:04,1941.267,208226,-5.19845776115402,-4.924581156558198,0.01,0,219
2025-11-17T11:51:12,1949.052,208880,-5.623585934887901,-4.924731532498047,0.01,0,220
2025-11-17T11:51:23,1959.885,210054,-4.421243508332411,-4.917554570856056,0.01,1,221
2025-11-17T11:51:33,1970.723,211228,-4.921243508332411,-4.915306778604545,0.01,1,222
2025-11-17T11:51:47,1984.494,212922,-4.733850089552309,-4.905982044646437,0.01,2,223
2025-11-17T11:51:58,1995.275,214096,-4.443537738184789,-4.899107570633299,0.01,1,224
2025-11-17T11:52:12,2008.974,215790,-4.718638920651856,-4.896805950879022,0.01,2,225
2025-11-17T11:52:19,2016.833,216444,-5.173526138696969,-4.897726405548691,0.01,0,226
2025-11-17T11:52:30,2027.556,217618,-4.903514539209149,-4.906924515881746,0.01,1,227
2025-11-17T11:52:38,2035.375,218272,-5.135932153734563,-4.909594614825227,0.01,0,228
2025-11-17T11:52:46,2043.28,218926,-5.6411953116293,-4.9162903734597005,0.01,0,229
2025-11-17T11:53:03,2059.999,221140,-3.576358283826642,-4.900292977083433,0.01,3,230
2025-11-17T11:53:10,2067.799,221794,-5.628849092782637,-4.90489567676665,0.01,0,231
2025-11-17T11:53:18,2075.589,222448,-5.136367889775118,-4.899373718337582,0.01,0,232
2025-11-17T11:53:29,2086.378,223622,-4.90099673898634,-4.897724808234219,0.01,1,233
2025-11-17T11:53:49,2105.933,226356,-3.331104731880382,-4.879947808669316,0.01,4,234
2025-11-17T11:53:56,2113.764,227010,-5.078789296591706,-4.881320317169685,0.01,0,235
2025-11-17T11:54:10,2127.424,228704,-4.696082529674413,-4.879166451744007,0.01,2,236
2025-11-17T11:54:24,2141.105,230398,-4.196344690799478,-4.879394097439696,0.01,2,237
2025-11-17T11:54:37,2154.807,232092,-4.255970744489197,-4.865467859722189,0.01,2,238
2025-11-17T11:54:52,2169.283,233786,-4.703601326666894,-4.860539886255527,0.01,2,239
2025-11-17T11:55:00,2177.156,234440,-5.178473152933013,-4.870063040608413,0.01,0,240
2025-11-17T11:55:11,2187.916,235614,-4.898687117354967,-4.862362924613534,0.01,1,241
2025-11-17T11:55:21,2198.717,236788,-4.861409276051255,-4.861564196383177,0.01,1,242
2025-11-17T11:55:38,2215.355,239002,-3.506205914347449,-4.845386038817366,0.01,3,243
2025-11-17T11:55:46,2223.193,239656,-5.596082529674413,-4.859310311022105,0.01,0,244
2025-11-17T11:55:54,2231.062,240310,-5.146142325865345,-4.861860707175616,0.01,0,245
2025-11-17T11:56:10,2247.757,242524,-4.018987869234667,-4.850563444781745,0.01,3,246
2025-11-17T11:56:27,2264.419,244738,-4.063784507530862,-4.84148825681182,0.01,3,247
2025-11-17T11:56:41,2278.168,246432,-4.2461963083989716,-4.827966838208088,0.01,2,248
2025-11-17T11:56:55,2291.898,248126,-4.25661465912119,-4.82689633564781,0.01,2,249
2025-11-17T11:57:05,2302.697,249300,-4.891048727980623,-4.826169633950789,0.01,1,250
2025-11-17T11:57:19,2316.392,250994,-4.683998471952815,-4.816626544818176,0.01,2,251
2025-11-17T11:57:30,2327.157,252168,-4.36866591191867,-4.816073315277319,0.01,1,252
2025-11-17T11:57:44,2340.969,253862,-4.743940669301228,-4.814349757029367,0.01,2,253
2025-11-17T11:57:58,2354.857,255556,-4.216329299020485,-4.823151106870975,0.01,2,254
2025-11-17T11:58:11,2368.62,257250,-4.181307096814516,-4.815628280567331,0.01,2,255
2025-11-17T11:58:22,2379.424,258424,-4.906205914347448,-4.807879890353911,0.01,1,256
2025-11-17T11:58:33,2390.188,259598,-4.918725708109601,-4.812628608616572,0.01,1,257
2025-11-17T11:58:44,2401.011,260772,-4.961528868433117,-4.805406534192625,0.01,1,258
2025-11-17T11:58:57,2414.737,262466,-4.240933150504235,-4.798153498718614,0.01,2,259
2025-11-17T11:59:12,2429.13,264160,-4.255970744489197,-4.796900463244603,0.01,2,260
2025-11-17T11:59:23,2440.333,265334,-4.881393884272261,-4.788903952730431,0.01,1,261
2025-11-17T11:59:40,2457.774,267548,-4.038798902540183,-4.777932620218487,0.01,3,262
2025-11-17T11:59:48,2465.74,268202,-5.091255107820232,-4.779709120107109,0.01,0,263
2025-11-17T12:00:09,2485.981,270936,-3.813603320206238,-4.766158166140742,0.01,4,264
2025-11-17T12:00:19,2496.804,272110,-4.396605053172713,-4.753237383421832,0.01,1,265
2025-11-17T12:00:30,2507.58,273284,-4.95374791031557,-4.758957762245677,0.01,1,266
2025-11-17T12:00:53,2530.267,276538,-2.8964314782572234,-4.73150696247537,0.01,5,267
2025-11-17T12:01:04,2541.062,277712,-4.891604056403041,-4.740164915348784,0.01,1,268
2025-11-17T12:01:14,2551.754,278886,-4.941228116553418,-4.745289033635734,0.01,1,269
2025-11-17T12:01:23,2560.094,279540,-5.171390091981087,-4.740640451581613,0.01,0,270
2025-11-17T12:01:31,2568.105,280194,-5.121766031830711,-4.740070218934003,0.01,0,271
2025-11-17T12:01:48,2585.537,282408,-4.024077452213913,-4.730623138413137,0.01,3,272
2025-11-17T12:01:56,2593.355,283062,-5.086427685966051,-4.732025124139567,0.01,0,273
2025-11-17T12:02:10,2607.0,284756,-4.7235859348879,-4.729941549498072,0.01,2,274
2025-11-17T12:02:29,2626.593,287490,-3.324110257138031,-4.718619455138732,0.01,4,275
2025-11-17T12:02:37,2634.365,288144,-5.1262773100262,-4.7225229067016485,0.01,0,276
2025-11-17T12:02:48,2645.207,289318,-4.851318696302336,-4.720097824758905,0.01,1,277
2025-11-17T12:03:02,2658.943,291012,-4.205910948298266,-4.712395626978112,0.01,2,278
2025-11-17T12:03:12,2669.739,292186,-4.868928073043735,-4.709694315059416,0.01,1,279
2025-11-17T12:03:26,2683.579,293880,-4.661442080975371,-4.707467343449727,0.01,2,280
2025-11-17T12:03:37,2694.526,295054,-4.37118371214148,-4.700316099635299,0.01,1,281
2025-11-17T12:03:51,2708.331,296748,-4.673406546315107,-4.697414941634393,0.01,2,282
2025-11-17T12:04:02,2719.279,297922,-4.896169317132158,-4.699490457653559,0.01,1,283
2025-11-17T12:04:22,2739.048,300656,-3.25932901062083,-4.690047734493099,0.01,4,284
2025-11-17T12:04:30,2746.928,301310,-5.056429456891093,-4.708020164643233,0.01,0,285
2025-11-17T12:04:44,2760.959,303004,-4.136510458518321,-4.698124290013881,0.01,2,286
2025-11-17T12:05:01,2778.487,305218,-3.991168320362487,-4.682323268221515,0.01,3,287
2025-11-17T12:05:16,2793.224,306912,-4.67153266072429,-4.679747810338921,0.01,2,288
2025-11-17T12:05:30,2807.359,308606,-4.1816232404732085,-4.6790286274388935,0.01,2,289
2025-11-17T12:05:53,2830.738,311860,-2.8271505808591417,-4.656809830724681,0.01,5,290
2025-11-17T12:06:10,2847.489,314074,-3.449063057204592,-4.641913358133421,0.01,3,291
2025-11-17T12:06:18,2855.297,314728,-5.576533657493962,-4.648240695715261,0.01,0,292
2025-11-17T12:06:38,2875.517,317462,-3.294208644083597,-4.631946054932641,0.01,4,293
2025-11-17T12:06:52,2889.386,319156,-4.159502585536321,-4.6243055494883665,0.01,2,294
2025-11-17T12:07:15,2912.294,322410,-2.8588374932948173,-4.608607497291884,0.01,5,295
2025-11-17T12:07:29,2925.978,324104,-4.156406480529753,-4.60225901101898,0.01,2,296
2025-11-17T12:07:51,2948.652,327358,-2.8843474205356268,-4.58204162200468,0.01,5,297
2025-11-17T12:08:11,2968.29,330092,-3.249358023253775,-4.5632736250607735,0.01,4,298
2025-11-17T12:08:19,2976.093,330746,-5.61875851303372,-4.568274820984592,0.01,0,299
2025-11-17T12:08:27,2983.99,331400,-5.096202122056276,-4.572400675020695,0.01,0,300
2025-11-17T12:08:37,2994.763,332574,-4.916470069011858,-4.57735294062749,0.01,1,301
2025-11-17T12:08:54,3011.515,334788,-4.0114690722421855,-4.5687557942284975,0.01,3,302
2025-11-17T12:09:02,3019.359,335442,-5.121766031830711,-4.56436285127212,0.01,0,303
2025-11-17T12:09:10,3027.145,336096,-5.099209640853268,-4.5711194163810145,0.01,0,304
2025-11-17T12:09:18,3034.971,336750,-5.608984076943494,-4.579876309539151,0.01,0,305
2025-11-17T12:09:25,3042.783,337404,-5.078908888973569,-4.579355547033901,0.01,0,306
2025-11-17T12:09:33,3050.548,338058,-5.088999468722488,-4.58140850666209,0.01,0,307
2025-11-17T12:09:41,3058.433,338712,-5.608984076943494,-4.586511804307216,0.01,0,308
2025-11-17T12:09:49,3066.203,339366,-5.116502873935975,-4.588614773903101,0.01,0,309
2025-11-17T12:10:00,3077.024,340540,-4.898860692270459,-4.586416991619287,0.01,1,310
2025-11-17T12:10:10,3087.771,341714,-4.874048662195269,-4.579396499026705,0.01,1,311
2025-11-17T12:10:18,3095.577,342368,-5.108984076943494,-4.578800548551531,0.01,0,312
2025-11-17T12:10:26,3103.418,343022,-5.101465279951013,-4.580204270027116,0.01,0,313
2025-11-17T12:10:34,3111.209,343676,-5.599209640853268,-4.5966843753964435,0.01,0,314
2025-11-17T12:10:42,3119.064,344330,-5.054096858898381,-4.60298981268579,0.01,0,315
2025-11-17T12:10:49,3126.843,344984,-5.591690843860787,-4.6113212958519405,0.01,0,316
2025-11-17T12:11:09,3146.574,347718,-3.3636977200731164,-4.602775701381223,0.01,4,317
2025-11-17T12:11:17,3154.721,348372,-5.054096858898381,-4.603354976798885,0.01,0,318
2025-11-17T12:11:26,3163.048,349026,-5.081480671730006,-4.602185205904644,0.01,0,319
2025-11-17T12:11:34,3170.892,349680,-5.613811498797675,-4.602087461543742,0.01,0,320
2025-11-17T12:11:41,3178.754,350334,-5.093946482958532,-4.608814491290004,0.01,0,321
2025-11-17T12:11:49,3186.606,350988,-5.641631047669856,-4.616018366683378,0.01,0,322
2025-11-17T12:11:57,3194.489,351642,-5.121766031830711,-4.619897526106162,0.01,0,323
2025-11-17T12:12:08,3205.425,352816,-4.938710316330608,-4.624849251887621,0.01,1,324
2025-11-17T12:12:19,3216.587,353990,-4.940965955428353,-4.627072522235386,0.01,1,325
2025-11-17T12:12:27,3224.488,354644,-5.076653249875824,-4.626103793347175,0.01,0,326
2025-11-17T12:12:44,3241.835,356858,-4.025982343977018,-4.6173284713948535,0.01,3,327
2025-11-17T12:13:02,3258.91,359072,-3.5906439981123563,-4.601875589838631,0.01,3,328
2025-11-17T12:13:10,3266.882,359726,-5.636051746116427,-4.601824154183503,0.01,0,329
2025-11-17T12:13:18,3274.886,360380,-5.15860813709387,-4.617646652716176,0.01,0,330
2025-11-17T12:13:32,3289.116,362074,-4.229111253907703,-4.603649274327426,0.01,2,331
2025-11-17T12:13:40,3297.086,362728,-5.6610603274684435,-4.60889619870436,0.01,0,332
2025-11-17T12:13:48,3305.103,363382,-5.111120123659376,-4.61099743255109,0.01,0,333
2025-11-17T12:13:56,3313.049,364036,-5.073961874737525,-4.628426003979662,0.01,0,334
2025-11-17T12:14:04,3321.032,364690,-5.636248297393256,-4.634000593987677,0.01,0,335
2025-11-17T12:14:18,3335.213,366384,-4.176043938919779,-4.628800208080132,0.01,2,336
2025-11-17T12:14:26,3343.173,367038,-5.116502873935975,-4.638001789911496,0.01,0,337
2025-11-17T12:14:34,3351.151,367692,-5.6114362673180676,-4.651556445139786,0.01,0,338
2025-11-17T12:14:49,3366.049,369386,-4.181307096814516,-4.646333502841262,0.01,2,339
2025-11-17T12:15:00,3377.172,370560,-4.876184708911151,-4.643310618401043,0.01,1,340
2025-11-17T12:15:11,3388.212,371734,-4.906205914347448,-4.643385806370967,0.01,1,341
2025-11-17T12:15:22,3399.287,372908,-4.906379489262939,-4.643835508503084,0.01,1,342
2025-11-17T12:15:30,3407.283,373562,-5.108864484561631,-4.659862094205226,0.01,0,343
2025-11-17T12:15:41,3418.315,374736,-4.8766204449517065,-4.652667473357999,0.01,1,344
2025-11-17T12:15:55,3432.479,376430,-4.179171050098635,-4.642997760600332,0.01,2,345
2025-11-17T12:16:06,3443.504,377604,-4.898687117354967,-4.651794753081536,0.01,1,346
2025-11-17T12:16:17,3454.609,378778,-4.913342957833002,-4.660290337584557,0.01,1,347
2025-11-17T12:16:25,3462.594,379432,-5.158488544712007,-4.669413259947688,0.01,0,348
2025-11-17T12:16:36,3473.699,380606,-4.906086321965586,-4.6759079765761316,0.01,1,349
2025-11-17T12:16:54,3490.914,382820,-4.035899348810446,-4.66735648278443,0.01,3,350
2025-11-17T12:17:08,3505.078,384514,-4.218638920651856,-4.66270288727142,0.01,2,351
2025-11-17T12:17:16,3513.021,385168,-5.133676514636819,-4.670352993298602,0.01,0,352
2025-11-17T12:17:24,3521.014,385822,-5.633676514636819,-4.679250351751958,0.01,0,353
2025-11-17T12:17:38,3535.155,387516,-4.1861345186686965,-4.67894840394844,0.01,2,354
2025-11-17T12:17:46,3543.146,388170,-5.080925343307588,-4.687944586413371,0.01,0,355
2025-11-17T12:17:54,3551.147,388824,-5.591135515438369,-4.694793882424281,0.01,0,356
2025-11-17T12:18:08,3565.279,390518,-4.221156720874665,-4.687818192551931,0.01,2,357
2025-11-17T12:18:19,3576.369,391692,-4.923553129963783,-4.6874384351672385,0.01,1,358
2025-11-17T12:18:30,3587.422,392866,-4.888650520139677,-4.693915608863592,0.01,1,359
2025-11-17T12:18:41,3598.509,394040,-4.40099673898634,-4.6953658688085635,0.01,1,360
2025-11-17T12:18:49,3606.47,394694,-5.561060327468444,-4.702162533240526,0.01,0,361
2025-11-17T12:19:00,3617.507,395868,-4.9038306828678415,-4.710812851043802,0.01,1,362
2025-11-17T12:19:11,3628.62,397042,-4.421559651991103,-4.704115896485511,0.01,1,363
2025-11-17T12:19:29,3645.875,399256,-3.9492056259477937,-4.705471919542927,0.01,3,364
2025-11-17T12:19:43,3660.074,400950,-4.6289916615258395,-4.707795785626458,0.01,2,365
2025-11-17T12:19:54,3671.122,402124,-4.363545322767136,-4.701893759750974,0.01,1,366
2025-11-17T12:20:05,3682.155,403298,-4.846687825724985,-4.721396323225651,0.01,1,367
2025-11-17T12:20:19,3696.31,404992,-4.651864196161975,-4.718998924623241,0.01,2,368
2025-11-17T12:20:33,3710.426,406686,-4.181939384131901,-4.711406037299025,0.01,2,369
2025-11-17T12:20:44,3721.502,407860,-4.836477653594203,-4.708056912915156,0.01,1,370
2025-11-17T12:20:52,3729.448,408514,-5.046338877142174,-4.70730264136827,0.01,0,371
2025-11-17T12:21:00,3737.395,409168,-5.064067846265436,-4.717702545308786,0.01,0,372
2025-11-17T12:21:08,3745.401,409822,-5.586504644861017,-4.7227033148977355,0.01,0,373
2025-11-17T12:21:16,3753.344,410476,-5.08124148696628,-4.726279870418519,0.01,0,374
2025-11-17T12:21:24,3761.355,411130,-5.073722689973799,-4.743775994746877,0.01,0,375
2025-11-17T12:21:38,3775.5,412824,-4.6515480525032835,-4.739028702171648,0.01,2,376
2025-11-17T12:21:52,3789.622,414518,-4.178931865334909,-4.732304833861973,0.01,2,377
2025-11-17T12:22:00,3797.593,415172,-5.063751702606744,-4.740883241405059,0.01,0,378
2025-11-17T12:22:11,3808.675,416346,-4.863981058807691,-4.740833771262698,0.01,1,379
2025-11-17T12:22:19,3816.667,417000,-4.554173817793348,-4.739761088630879,0.01,0,380
2025-11-17T12:22:30,3827.747,418174,-4.876703217503978,-4.744816283684503,0.01,1,381
2025-11-17T12:22:41,3838.776,419348,-4.906086321965587,-4.747143081441008,0.01,1,382
2025-11-17T12:23:02,3859.185,422082,-3.281569257939581,-4.7309970808490815,0.01,4,383
2025-11-17T12:23:13,3870.22,423256,-4.8913648716393165,-4.747317439459266,0.01,1,384
2025-11-17T12:23:24,3881.338,424430,-4.88610171374458,-4.745614162027802,0.01,1,385
2025-11-17T12:23:38,3895.432,426124,-4.239517977315313,-4.7466442372157704,0.01,2,386
2025-11-17T12:23:55,3912.484,428338,-4.016874798880126,-4.746901302000947,0.01,3,387
2025-11-17T12:24:03,3920.394,428992,-5.594023441853499,-4.75612620981224,0.01,0,388
2025-11-17T12:24:17,3934.402,430686,-4.171413068342426,-4.756024108090931,0.01,2,389
2025-11-17T12:24:34,3951.837,432900,-3.9589800620380196,-4.76734240290272,0.01,3,390
2025-11-17T12:24:52,3969.816,435114,-3.4762732951207265,-4.767614505281881,0.01,3,391
2025-11-17T12:25:13,3990.166,437848,-3.7563214918238375,-4.749412383625179,0.01,4,392
2025-11-17T12:25:27,4004.174,439542,-4.1289916615258395,-4.757760213799602,0.01,2,393
2025-11-17T12:25:41,4018.183,441236,-4.141773616413058,-4.7575829241083705,0.01,2,394
2025-11-17T12:25:55,4032.247,442930,-4.6564950667393274,-4.775559499842815,0.01,2,395
2025-11-17T12:26:09,4046.201,444624,-4.134254819420577,-4.775337983231724,0.01,2,396
2025-11-17T12:26:17,4054.057,445278,-5.058804688370699,-4.797082555910075,0.01,0,397
2025-11-17T12:26:28,4065.08,446452,-4.866552841564128,-4.813254504093178,0.01,1,398
2025-11-17T12:26:45,4082.149,448666,-3.961235701135764,-4.796679275974198,0.01,3,399
2025-11-17T12:27:02,4099.374,450880,-3.959099654419883,-4.785308251297834,0.01,3,400
2025-11-17T12:27:23,4119.891,453614,-3.304125648917025,-4.769184807096886,0.01,4,401
2025-11-17T12:27:34,4130.924,454788,-4.8741912309384725,-4.777812028683849,0.01,1,402
2025-11-17T12:28:10,4166.92,460122,-0.59233655724461,-4.732517733937988,0.01,9,403
2025-11-17T12:28:30,4187.477,462856,-3.724283832053522,-4.7187684758499895,0.01,4,404
2025-11-17T12:28:51,4208.047,465590,-3.241839226261294,-4.695097027343168,0.01,4,405
2025-11-17T12:29:11,4228.409,468324,-3.2488026948313564,-4.6767959654017455,0.01,4,406
2025-11-17T12:29:25,4242.641,470018,-4.123728503631103,-4.667143255750832,0.01,2,407
2025-11-17T12:29:46,4263.095,472752,-3.8036013266668944,-4.6490894282480655,0.01,4,408
2025-11-17T12:30:00,4277.38,474446,-4.163578127691253,-4.639560180785619,0.01,2,409
2025-11-17T12:30:20,4297.815,477180,-3.2414034902207383,-4.622985608765121,0.01,4,410
2025-11-17T12:30:35,4311.932,478874,-4.6214728645333585,-4.620459850788502,0.01,2,411
2025-11-17T12:30:58,4335.81,482128,-2.4491516434141665,-4.593861526453208,0.01,5,412
2025-11-17T12:31:13,4350.006,483822,-4.69865431243085,-4.589833416778007,0.01,2,413
2025-11-17T12:31:21,4357.964,484476,-5.0963986733331055,-4.584805307102805,0.01,0,414
2025-11-17T12:31:35,4372.045,486170,-4.236510458518321,-4.576629443099004,0.01,2,415
2025-11-17T12:31:52,4389.278,488384,-3.983792092113208,-4.560550455581529,0.01,3,416
2025-11-17T12:32:07,4404.287,490078,-4.14371311185211,-4.568350609499318,0.01,2,417
2025-11-17T12:32:21,4418.496,491772,-4.666585646488246,-4.564475497375218,0.01,2,418
2025-11-17T12:32:29,4426.433,492426,-5.11626368917225,-4.56482332754964,0.01,0,419
2025-11-17T12:32:43,4440.591,494120,-4.229307805184533,-4.550978290613509,0.01,2,420
2025-11-17T12:32:51,4448.543,494774,-5.521330295790157,-4.555252128741825,0.01,0,421
2025-11-17T12:32:59,4456.478,495428,-5.0963986733331055,-4.549799804998457,0.01,0,422
2025-11-17T12:33:32,4489.388,500242,-1.3092808417445068,-4.511674953097596,0.01,8,423
2025-11-17T12:33:55,4512.713,503496,-2.8465798606577297,-4.490753648540867,0.01,5,424
2025-11-17T12:34:03,4520.65,504150,-5.048714108621781,-4.491831130072801,0.01,0,425
2025-11-17T12:34:20,4537.808,506364,-3.9140408549986225,-4.480205006124029,0.01,3,426
2025-11-17T12:34:38,4555.197,508578,-4.0290244664499575,-4.480235427348759,0.01,3,427
2025-11-17T12:35:08,4584.982,512872,-2.074345426996283,-4.465072441637599,0.01,7,428
2025-11-17T12:35:22,4599.111,514566,-4.175835760328341,-4.450470281779718,0.01,2,429
2025-11-17T12:35:30,4607.111,515220,-5.013811498797676,-4.449022315396755,0.01,0,430
2025-11-17T12:35:44,4621.392,516914,-4.651285891378219,-4.453244061771461,0.01,2,431
2025-11-17T12:36:11,4648.043,520688,-2.2645381859819396,-4.419278840356596,0.01,6,432
2025-11-17T12:36:53,4690.147,527062,0.6397321086979941,-4.361770318033022,0.01,11,433
2025-11-17T12:37:07,4704.371,528756,-4.698916473555915,-4.358019864021205,0.01,2,434
2025-11-17T12:37:18,4715.44,529930,-4.8912223028961135,-4.3505696040762345,0.01,1,435
2025-11-17T12:37:30,4727.041,531104,-4.376130726377524,-4.352570471950812,0.01,1,436
2025-11-17T12:37:50,4747.426,533838,-3.8665316639546186,-4.340070759850999,0.01,4,437
2025-11-17T12:38:04,4761.629,535532,-4.171270499599224,-4.32566910217381,0.01,2,438
2025-11-17T12:38:18,4775.808,537226,-4.181742832855072,-4.325673459534217,0.01,2,439
2025-11-17T12:38:33,4790.05,538920,-4.7312473006235845,-4.324224085451341,0.01,2,440
2025-11-17T12:38:50,4807.368,541134,-3.536072923725936,-4.310522755545126,0.01,3,441
2025-11-17T12:39:01,4818.419,542308,-4.926680241142639,-4.310725763063923,0.01,1,442
2025-11-17T12:39:37,4854.355,547642,-1.1024271369935281,-4.270661389588242,0.01,9,443
2025-11-17T12:40:01,4878.007,550896,-2.826452683693521,-4.250159711975661,0.01,5,444
2025-11-17T12:40:15,4892.223,552590,-4.130985139498519,-4.2496778528696595,0.01,2,445
2025-11-17T12:40:41,4918.825,556364,-2.1293734150327683,-4.221984715846437,0.01,6,446
2025-11-17T12:40:59,4936.05,558578,-3.9693098265506634,-4.212544384533614,0.01,3,447
2025-11-17T12:41:22,4959.526,561832,-2.8425043185027965,-4.189384542271522,0.01,5,448
2025-11-17T12:41:33,4970.579,563006,-4.349063057204592,-4.183814309623912,0.01,1,449
2025-11-17T12:41:56,4993.828,566260,-2.8617370470245547,-4.172072686606054,0.01,5,450
2025-11-17T12:42:20,5017.27,569514,-2.8816020628636987,-4.158702318028171,0.01,5,451
2025-11-17T12:42:46,5043.846,573288,-2.157138981371321,-4.128936942695516,0.01,6,452
2025-11-17T12:43:10,5067.399,576542,-2.8492712357960293,-4.101092889907108,0.01,5,453
2025-11-17T12:43:31,5087.897,579276,-3.2309311569648917,-4.09154085629007,0.01,4,454
2025-11-17T12:43:57,5114.611,583050,-2.139726155906751,-4.062128864416062,0.01,6,455
2025-11-17T12:44:21,5138.21,586304,-2.852278754593022,-4.034740296807609,0.01,5,456
2025-11-17T12:44:35,5152.42,587998,-4.638623528872864,-4.03891496488759,0.01,2,457
2025-11-17T12:44:49,5166.759,589692,-4.1418932087949205,-4.031098365675903,0.01,2,458
2025-11-17T12:45:10,5187.089,592426,-3.22862153533352,-4.0144980758278415,0.01,4,459
2025-11-17T12:45:37,5213.884,596200,-2.1418392262612937,-3.9919065007005905,0.01,6,460
2025-11-17T12:46:22,5259.248,603094,0.9520455226205382,-3.9267754421997005,0.01,12,461
2025-11-17T12:46:36,5273.446,604788,-4.6314208755390744,-3.924051344126413,0.01,2,462
2025-11-17T12:46:57,5293.872,607522,-3.236248297393256,-3.912198230580435,0.01,4,463
2025-11-17T12:47:20,5317.28,610776,-2.8718276267734733,-3.9014244505886917,0.01,5,464
2025-11-17T12:47:41,5338.417,613510,-3.2686987168427883,-3.887821521141861,0.01,4,465
2025-11-17T12:47:58,5355.811,615724,-3.9594157980785756,-3.883780225894975,0.01,3,466
2025-11-17T12:48:06,5363.735,616378,-5.056549049272956,-3.8858788381304548,0.01,0,467
2025-11-17T12:48:17,5374.82,617552,-4.931017944422637,-3.8886703756130614,0.01,1,468
2025-11-17T12:48:25,5382.788,618206,-5.068698716842788,-3.89753796894017,0.01,0,469
2025-11-17T12:48:40,5396.945,619900,-4.62899166152584,-3.8954631090194862,0.01,2,470
2025-11-17T12:49:06,5423.637,623674,-2.2213302957901564,-3.8672130232059665,0.01,6,471
2025-11-17T12:49:17,5434.585,624848,-4.878559940390758,-3.86535794414722,0.01,1,472
2025-11-17T12:49:38,5454.97,627582,-3.348451947496716,-3.842977417173577,0.01,4,473
2025-11-17T12:49:46,5463.617,628236,-5.161615655890863,-3.8437811588628223,0.01,0,474
2025-11-17T12:49:54,5471.659,628890,-5.548833701003645,-3.84853226897312,0.01,0,475
2025-11-17T12:50:24,5501.494,633184,-1.465006726946613,-3.8166668557175534,0.01,7,476
2025-11-17T12:50:48,5525.005,636438,-2.8567900327885107,-3.8034454373920896,0.01,5,477
2025-11-17T12:51:08,5545.468,639172,-3.261442080975372,-3.785422341175775,0.01,4,478
2025-11-17T12:51:25,5562.821,641386,-3.954266418908397,-3.776325194776782,0.01,3,479
2025-11-17T12:51:37,5573.976,642560,-4.896169317132157,-3.7797451497701697,0.01,1,480
2025-11-17T12:52:06,5603.768,646854,-1.9420145999286134,-3.7503982635944157,0.01,7,481
2025-11-17T12:52:27,5624.239,649588,-3.2363080935841873,-3.7337004813106023,0.01,4,482
2025-11-17T12:52:44,5641.759,651802,-3.999009074670964,-3.7408748794779156,0.01,3,483
2025-11-17T12:53:14,5671.688,656096,-1.4570521939135763,-3.706531752700658,0.01,7,484
2025-11-17T12:53:32,5688.941,658310,-4.035756780067244,-3.6980283033638837,0.01,3,485
2025-11-17T12:53:40,5696.879,658964,-5.591255107820231,-3.7115456746689337,0.01,0,486
2025-11-17T12:53:54,5710.959,660658,-4.215804976770355,-3.7135349764478356,0.01,2,487
2025-11-17T12:54:26,5743.735,665472,-1.3308309434407093,-3.670903051463707,0.01,8,488
2025-11-17T12:54:50,5767.503,668726,-2.9163621039446026,-3.6583525418197294,0.01,5,489
2025-11-17T12:54:58,5775.507,669380,-5.108548340902939,-3.6698482246083786,0.01,0,490
2025-11-17T12:55:19,5796.652,672114,-3.2744861969876555,-3.667830353627047,0.01,4,491
2025-11-17T12:55:30,5807.794,673288,-4.841108524171555,-3.678678223950525,0.01,1,492
2025-11-17T12:55:54,5831.279,676542,-2.8545343936907663,-3.6659336512721734,0.01,5,493
2025-11-17T12:56:21,5857.947,680316,-2.131420875539075,-3.6458301238634334,0.01,6,494
2025-11-17T12:56:41,5878.359,683050,-3.2379256317072427,-3.6316444295131123,0.01,4,495
2025-11-17T12:57:08,5905.172,686824,-2.6814806717300064,-3.617116688036207,0.01,6,496
2025-11-17T12:57:28,5925.704,689558,-3.233884693228257,-3.598867488084782,0.01,4,497
2025-11-17T12:57:52,5949.362,692812,-2.8436919342426,-3.5786388790115664,0.01,5,498
2025-11-17T12:58:13,5969.913,695546,-3.2388856899979284,-3.5714153789001886,0.01,4,499
2025-11-17T12:58:39,5996.385,699320,-2.156822837712629,-3.553392610733116,0.01,6,500
2025-11-17T12:59:03,6020.043,702574,-2.8167322301369224,-3.548518676545315,0.01,5,501
2025-11-17T12:59:20,6037.251,704788,-3.9317158415882574,-3.539093922651813,0.01,3,502
2025-11-17T12:59:40,6057.767,707522,-3.26202038575913,-3.5657907609369577,0.01,4,503
2025-11-17T13:00:10,6087.505,711816,-1.944008077901293,-3.547988003395437,0.01,7,504
2025-11-17T13:00:34,6110.983,715070,-2.38912085985618,-3.539460819731386,0.01,5,505
2025-11-17T13:00:54,6131.552,717804,-3.761704242100437,-3.544589835204076,0.01,4,506
2025-11-17T13:01:15,6152.092,720538,-3.2489222872132193,-3.535841773039898,0.01,4,507
2025-11-17T13:01:29,6166.387,722232,-4.213954067540877,-3.539945300448638,0.01,2,508
2025-11-17T13:01:40,6177.466,723406,-4.923869273622476,-3.54754821190795,0.01,1,509
2025-11-17T13:01:48,6185.451,724060,-5.203797877943724,-3.56717215578518,0.01,0,510
2025-11-17T13:01:59,6196.497,725234,-4.923553129963783,-3.5701929584394843,0.01,1,511
2025-11-17T13:02:20,6216.958,727968,-3.8766222437035367,-3.584467664442379,0.01,4,512
2025-11-17T13:02:31,6228.046,729142,-4.324251027129404,-3.5807236315893642,0.01,1,513
2025-11-17T13:02:57,6254.762,732916,-2.802132170944345,-3.5577809665654763,0.01,6,514
2025-11-17T13:03:12,6268.863,734610,-4.169157429244683,-3.55710743627274,0.01,2,515
2025-11-17T13:03:29,6286.101,736824,-3.9917466251462446,-3.5571869816030706,0.01,3,516
2025-11-17T13:03:43,6300.642,738518,-4.131247300623585,-3.557062323490784,0.01,2,517
2025-11-17T13:04:00,6317.835,740732,-3.914303016123688,-3.549539497187139,0.01,3,518
2025-11-17T13:04:21,6337.96,743466,-3.2394639947816866,-3.5307715002432345,0.01,4,519
2025-11-17T13:04:40,6357.732,746200,-3.306697431673461,-3.521545396508123,0.01,4,520
2025-11-17T13:05:00,6377.407,748934,-3.741403490220738,-3.5037461284524283,0.01,4,521
2025-11-17T13:05:24,6401.47,752188,-2.3417524388035487,-3.4761996661071333,0.01,5,522
2025-11-17T13:05:44,6421.062,754922,-3.7762175138352694,-3.5008690328280414,0.01,4,523
2025-11-17T13:06:01,6437.888,757136,-3.441806421337176,-3.506821298434836,0.01,3,524
2025-11-17T13:06:23,6460.496,760390,-2.909421611735879,-3.485428373465976,0.01,5,525
2025-11-17T13:06:37,6474.197,762084,-4.291713820222126,-3.4892051031182114,0.01,2,526
2025-11-17T13:07:08,6505.563,766898,-1.7701830973836041,-3.4666166894275476,0.01,8,527
2025-11-17T13:07:19,6516.262,768072,-4.436477653594203,-3.4902380116935268,0.01,1,528
2025-11-17T13:07:38,6535.831,770806,-3.8665316639546186,-3.4871449707297906,0.01,4,529
2025-11-17T13:07:52,6549.522,772500,-4.209442789345389,-3.4791012836352673,0.01,2,530
2025-11-17T13:08:15,6571.94,775754,-2.8443242215599853,-3.4610316669370844,0.01,5,531
2025-11-17T13:08:43,6600.463,780048,-1.5077442774218932,-3.4534637278514846,0.01,7,532
2025-11-17T13:09:06,6623.029,783302,-2.844324221559985,-3.4883042911540643,0.01,5,533
2025-11-17T13:09:29,6645.881,786556,-2.83150766299682,-3.469630203048474,0.01,5,534
2025-11-17T13:09:51,6668.678,789810,-2.844443813941848,-3.449162418158931,0.01,5,535
2025-11-17T13:10:08,6685.424,792024,-3.423553129963783,-3.439636642194793,0.01,3,536
2025-11-17T13:10:28,6704.949,794758,-3.7571929639049486,-3.438543255194296,0.01,4,537
2025-11-17T13:10:47,6724.657,797492,-3.256876820246256,-3.4293993184007663,0.01,4,538
2025-11-17T13:11:10,6747.257,800746,-2.848955092137337,-3.4160714409935893,0.01,5,539
2025-11-17T13:11:18,6755.047,801400,-5.026277310026201,-3.419021741087615,0.01,0,540
2025-11-17T13:11:31,6768.805,803094,-4.1415114552879935,-3.425076126403236,0.01,2,541
2025-11-17T13:11:45,6782.455,804788,-4.621330295790157,-3.4220226269497105,0.01,2,542
2025-11-17T13:12:14,6810.929,809082,-1.4695180051421013,-3.4256935356311966,0.01,7,543
2025-11-17T13:12:33,6830.614,811816,-3.781688850321444,-3.4352458972974755,0.01,4,544
2025-11-17T13:13:11,6868.021,817670,-0.002143798258953278,-3.39395748388508,0.01,10,545
2025-11-17T13:13:30,6887.574,820404,-3.221210703408294,-3.404875856768835,0.01,4,546
2025-11-17T13:13:41,6898.276,821578,-4.848627321164036,-3.4136690317149685,0.01,1,547
2025-11-17T13:14:15,6932.645,826912,-1.0480490163802787,-3.395724478693743,0.01,9,548
2025-11-17T13:14:38,6955.096,830166,-2.3783863654752686,-3.37601771177645,0.01,5,549
2025-11-17T13:14:52,6969.083,831860,-4.673263977571905,-3.3941329810819236,0.01,2,550
2025-11-17T13:15:14,6991.621,835114,-2.365974536780371,-3.38897670582109,0.01,5,551
2025-11-17T13:15:28,7005.546,836808,-4.713954067540877,-3.4145448566827854,0.01,2,552
2025-11-17T13:15:45,7022.244,839022,-3.5166126377550597,-3.421218270702376,0.01,3,553
2025-11-17T13:16:25,7062.572,845396,0.21969351794336145,-3.3867120239532937,0.01,11,554
2025-11-17T13:16:54,7091.047,849690,-1.9868112382248082,-3.3851828747764743,0.01,7,555
2025-11-17T13:17:16,7113.579,852944,-2.8859051624677496,-3.3855191388552215,0.01,5,556
2025-11-17T13:17:36,7133.21,855678,-3.283998471952816,-3.3719728882860216,0.01,4,557
2025-11-17T13:17:47,7143.941,856852,-4.8862752886600695,-3.3794167090846723,0.01,1,558
2025-11-17T13:18:09,7166.644,860106,-2.4094216117358793,-3.3712247098486956,0.01,5,559
2025-11-17T13:18:17,7174.495,860760,-5.521210703408294,-3.405018424620165,0.01,0,560
2025-11-17T13:18:37,7194.119,863494,-3.24640448699041,-3.4470029247162746,0.01,4,561
2025-11-17T13:19:02,7219.776,867268,-2.1491844483382847,-3.4221805604442674,0.01,6,562
2025-11-17T13:19:25,7242.359,870522,-2.8180817934776083,-3.417998895405111,0.01,5,563
2025-11-17T13:20:05,7282.602,876896,0.24036439601537962,-3.3868769751772225,0.01,11,564
2025-11-17T13:20:19,7296.31,878590,-4.126211700177965,-3.3954521050105733,0.01,2,565
2025-11-17T13:20:27,7304.082,879244,-5.111239716041238,-3.4069703441901997,0.01,0,566
2025-11-17T13:20:40,7317.79,880938,-4.616645442679177,-3.402571308124262,0.01,2,567
2025-11-17T13:21:06,7343.331,884712,-2.1741700533289627,-3.375002829213325,0.01,6,568
2025-11-17T13:21:32,7368.857,888486,-2.188093392965429,-3.3461967759745517,0.01,6,569
2025-11-17T13:21:54,7391.506,891740,-2.836925016949367,-3.328276109528787,0.01,5,570
2025-11-17T13:22:11,7407.915,893954,-3.9590996544198824,-3.3456538031150846,0.01,3,571
2025-11-17T13:22:24,7421.57,895648,-4.148714108621782,-3.3383553447973946,0.01,2,572
2025-11-17T13:22:53,7450.13,899942,-1.9519626109343293,-3.3243904514317717,0.01,7,573
2025-11-17T13:23:09,7466.767,902156,-3.4268228098858406,-3.3070425229717215,0.01,3,574
2025-11-17T13:23:32,7489.489,905410,-2.844759957600541,-3.2800017855376904,0.01,5,575
2025-11-17T13:23:59,7516.04,909184,-2.140724971912798,-3.286758967987352,0.01,6,576
2025-11-17T13:24:34,7551.412,914518,-1.0428398410191693,-3.268619466069659,0.01,9,577
2025-11-17T13:24:45,7562.356,915692,-4.853312174275016,-3.284538167002655,0.01,1,578
2025-11-17T13:25:11,7588.146,919466,-2.130198656123324,-3.2662974893748036,0.01,6,579
2025-11-17T13:25:43,7620.603,924280,-1.2320647901710675,-3.229656444105194,0.01,8,580
2025-11-17T13:26:15,7652.252,929094,-1.2545132160812562,-3.222781430266721,0.01,8,581
2025-11-17T13:26:49,7686.533,934428,-1.067524527169422,-3.2010935946025727,0.01,9,582
2025-11-17T13:27:12,7709.376,937682,-2.864046668655927,-3.189743970542423,0.01,5,583
2025-11-17T13:27:41,7738.14,941976,-1.9470155966982856,-3.19464360457027,0.01,7,584
2025-11-17T13:27:52,7748.959,943150,-4.333763302094564,-3.1976236697905422,0.01,1,585
2025-11-17T13:28:20,7777.678,947444,-1.9166782476032949,-3.1608779011883725,0.01,7,586
2025-11-17T13:28:55,7812.241,952778,-1.0619452256159931,-3.1293393036768293,0.01,9,587
2025-11-17T13:29:03,7820.119,953432,-5.0242182222052865,-3.1662731764644745,0.01,0,588
2025-11-17T13:29:27,7843.96,956686,-2.841490277678483,-3.1655244582018134,0.01,5,589
2025-11-17T13:29:59,7875.91,961500,-1.244673170142796,-3.126885706494212,0.01,8,590
2025-11-17T13:30:15,7892.766,963714,-3.9346037680033867,-3.13348688220437,0.01,3,591
2025-11-17T13:30:47,7924.314,968528,-1.2666512563364813,-3.0977423095260197,0.01,8,592
2025-11-17T13:31:16,7953.12,972822,-1.9522247720593942,-3.0887192133097057,0.01,7,593
2025-11-17T13:31:44,7981.78,977116,-1.45878351076119,-3.0819928396619263,0.01,7,594
2025-11-17T13:32:10,8007.559,980890,-2.6345825903938773,-3.075959409248793,0.01,6,595
2025-11-17T13:32:30,8027.107,983624,-3.248768091155409,-3.0816322834430467,0.01,4,596
2025-11-17T13:32:55,8052.758,987398,-2.1365220858329295,-3.0706586573690937,0.01,6,597
2025-11-17T13:33:18,8075.429,990652,-2.8291440588318206,-3.0705131786149864,0.01,5,598
2025-11-17T13:33:53,8109.935,995986,-1.0519626109343294,-3.0486439478243508,0.01,9,599
2025-11-17T13:34:22,8139.506,1000280,-1.4519626109343298,-3.0415953455565674,0.01,7,600
2025-11-17T13:34:39,8156.356,1002494,-3.9493252183296574,-3.052921275438495,0.01,3,601
2025-11-17T13:34:56,8173.484,1004708,-3.9437459167762277,-3.0530415761903744,0.01,3,602
2025-11-17T13:35:24,8200.998,1008482,-2.1892076473139257,-3.0423134488059222,0.01,6,603
2025-11-17T13:35:41,8218.256,1010696,-3.94675343557322,-3.062340902382642,0.01,3,604
2025-11-17T13:36:08,8245.002,1014470,-2.189523790972618,-3.060344931693806,0.01,6,605
2025-11-17T13:36:22,8259.206,1016164,-4.18914203746569,-3.0646193096474588,0.01,2,606
2025-11-17T13:36:40,8277.019,1018378,-3.9866030596333704,-3.07199611737166,0.01,3,607
2025-11-17T13:37:00,8297.47,1021112,-3.3865162721756255,-3.063721739418008,0.01,4,608
2025-11-17T13:37:17,8314.598,1023326,-3.986483467251508,-3.054347881354298,0.01,3,609
2025-11-17T13:37:49,8346.267,1028140,-1.2446191876091683,-3.0147560944509517,0.01,8,610
2025-11-17T13:38:18,8375.014,1032434,-2.0018488322097707,-2.9855390514734115,0.01,7,611
2025-11-17T13:38:28,8385.746,1033608,-4.9388528850738105,-2.9961613578871136,0.01,1,612
2025-11-17T13:39:03,8420.143,1038942,-1.1269770059436512,-2.9641886176752568,0.01,9,613
2025-11-17T13:39:34,8451.658,1043756,-1.3122883605414986,-2.949290179571228,0.01,8,614
2025-11-17T13:39:48,8465.51,1045450,-4.221472864533359,-2.9498133339241157,0.01,2,615
2025-11-17T13:40:11,8488.033,1048704,-2.83133408808133,-2.938209208553467,0.01,5,616
2025-11-17T13:40:39,8516.522,1052998,-1.9318044277978326,-2.916214779825209,0.01,7,617
2025-11-17T13:40:59,8536.236,1055732,-3.2414574727543655,-2.909486324391516,0.01,4,618
2025-11-17T13:41:16,8552.946,1057946,-4.008897289485748,-2.917180657338557,0.01,3,619
2025-11-17T13:41:35,8572.733,1060680,-3.229057271374076,-2.9164042557355634,0.01,4,620
2025-11-17T13:41:52,8589.591,1062894,-3.94406206043492,-2.918430841437705,0.01,3,621
2025-11-17T13:42:03,8600.369,1064068,-4.349063057204592,-2.938503947621716,0.01,1,622
2025-11-17T13:42:17,8614.056,1065762,-4.65628688814789,-2.947304641364843,0.01,2,623
2025-11-17T13:42:48,8645.757,1070576,-1.2894698084389904,-2.9257812752358605,0.01,8,624
2025-11-17T13:43:14,8671.63,1074350,-2.1342664467351855,-2.9180297235858523,0.01,6,625
2025-11-17T13:43:34,8691.243,1077084,-3.2233777562964634,-2.907346362946596,0.01,4,626
2025-11-17T13:44:12,8728.937,1082938,-0.444881348734232,-2.894093345460102,0.01,10,627
2025-11-17T13:44:40,8757.555,1087232,-1.448943464822729,-2.864218003572387,0.01,7,628
2025-11-17T13:45:27,8804.791,1094646,1.173130959123605,-2.813821377341605,0.01,13,629
2025-11-17T13:45:56,8833.25,1098940,-1.9334355311212634,-2.7910613047593644,0.01,7,630
2025-11-17T13:46:28,8864.884,1103754,-1.2415654378216203,-2.77503371692198,0.01,8,631
2025-11-17T13:46:56,8893.493,1108048,-1.418606115727739,-2.774142335305039,0.01,7,632
2025-11-17T13:47:16,8913.185,1110782,-3.7296895586914607,-2.782995988676354,0.01,4,633
2025-11-17T13:47:48,8944.918,1115596,-1.2495662018452125,-2.7671765740648375,0.01,8,634
2025-11-17T13:48:07,8964.802,1118330,-3.2439752729771754,-2.771171888655191,0.01,4,635
2025-11-17T13:48:24,8981.543,1120544,-3.946747621915916,-2.7764038335747125,0.01,3,636
2025-11-17T13:48:47,9004.311,1123798,-2.8186177430423474,-2.7670180813660865,0.01,5,637
2025-11-17T13:48:58,9015.06,1124972,-4.851688822494657,-2.7829662013885708,0.01,1,638
2025-11-17T13:49:26,9043.723,1129266,-1.4470155966982852,-2.768946806434179,0.01,7,639
2025-11-17T13:49:58,9075.582,1134080,-1.2516136623515188,-2.731200169957433,0.01,8,640
2025-11-17T13:50:27,9104.426,1138374,-1.9564738891298177,-2.7093497942958518,0.01,7,641
2025-11-17T13:50:41,9118.16,1140068,-4.148451947496716,-2.7046210108129167,0.01,2,642
2025-11-17T13:51:19,9155.901,1145922,-0.4315750715968846,-2.6942415814774647,0.01,10,643
2025-11-17T13:51:26,9163.693,1146576,-5.021526847066986,-2.7066399614449197,0.01,0,644
2025-11-17T13:52:01,9198.403,1151910,-1.0715114831147807,-2.717333638293478,0.01,9,645
2025-11-17T13:52:24,9221.173,1155164,-2.344181652816783,-2.7085633477875626,0.01,5,646
2025-11-17T13:52:58,9255.711,1160498,-1.051580857427401,-2.6705928831501966,0.01,9,647
2025-11-17T13:53:24,9281.482,1164272,-2.1564410842057007,-2.681676803828451,0.01,6,648
2025-11-17T13:53:50,9307.212,1168046,-2.1613880984417446,-2.679506821158116,0.01,6,649
2025-11-17T13:54:19,9335.875,1172340,-1.9527222421766495,-2.6523014038041635,0.01,7,650
2025-11-17T13:54:47,9364.705,1176634,-1.9712493219897154,-2.6483541516562576,0.01,7,651
2025-11-17T13:55:32,9408.96,1183528,0.9161094931144393,-2.5920535160497042,0.01,12,652
2025-11-17T13:55:51,9428.777,1186262,-3.2543050374898193,-2.5894304400470514,0.01,4,653
2025-11-17T13:56:11,9448.562,1188996,-3.7343204292688124,-2.628970579519173,0.01,4,654
2025-11-17T13:56:25,9462.331,1190690,-4.148451947496716,-2.6505869866118923,0.01,2,655
2025-11-17T13:57:06,9502.992,1197064,0.7822999600293199,-2.6139049353869215,0.01,11,656
2025-11-17T13:57:35,9531.911,1201358,-1.944705975066913,-2.600512010418063,0.01,7,657
2025-11-17T13:58:24,9581.535,1209292,1.874918057256676,-2.5329000769588945,0.01,14,658
2025-11-17T13:58:56,9613.407,1214106,-1.2271294032496312,-2.5210771548740323,0.01,8,659
2025-11-17T13:59:28,9645.145,1218920,-1.736892212025249,-2.4832339699602017,0.01,8,660
2025-11-17T14:00:00,9676.997,1223734,-1.2243724182630962,-2.463013649272929,0.01,8,661
2025-11-17T14:00:52,9729.526,1232188,3.112163093636271,-2.410400173853183,0.01,15,662
2025-11-17T14:01:33,9770.282,1238562,0.27038560145167767,-2.3795154999038903,0.01,11,663
2025-11-17T14:01:44,9781.597,1239736,-4.859327211869001,-2.4305124159827343,0.01,1,664
2025-11-17T14:02:30,9827.094,1246630,0.9497898835227958,-2.3797524001457266,0.01,12,665
2025-11-17T14:02:57,9853.868,1250404,-2.159830356509621,-2.350238306550411,0.01,6,666
2025-11-17T14:03:23,9880.404,1254178,-2.1544476062330213,-2.325616328185949,0.01,6,667
2025-11-17T14:03:56,9913.154,1258992,-1.7243184357294685,-2.321117812009954,0.01,8,668
2025-11-17T14:04:07,9923.938,1260166,-4.348627321164036,-2.34272315129194,0.01,1,669
2025-11-17T14:04:59,9976.381,1268620,2.6382629529754476,-2.2879712715926916,0.01,15,670
2025-11-17T14:05:34,10011.687,1273954,-1.0978350241315367,-2.259358625289808,0.01,9,671
2025-11-17T14:06:21,10058.047,1281368,1.670161919774095,-2.2011698650058493,0.01,13,672
2025-11-17T14:07:16,10113.278,1290342,3.340208122937864,-2.1482481576671275,0.01,16,673
2025-11-17T14:07:44,10141.789,1294636,-1.9408463630464898,-2.1333883931987336,0.01,7,674
2025-11-17T14:08:07,10164.502,1297890,-2.854850537349459,-2.133489298996223,0.01,5,675
2025-11-17T14:08:39,10196.223,1302704,-1.232770438879761,-2.124409753665893,0.01,8,676
2025-11-17T14:09:05,10221.904,1306478,-2.1205667887763004,-2.1351870231434638,0.01,6,677
2025-11-17T14:09:45,10262.795,1312852,0.27339312024866946,-2.0839199701982274,0.01,11,678
2025-11-17T14:10:05,10282.588,1315586,-3.223466342506038,-2.0948526470620545,0.01,4,679
2025-11-17T14:10:43,10320.367,1321440,0.05344131695178067,-2.0819975859908255,0.01,10,680
2025-11-17T14:10:57,10334.131,1323134,-4.133502939721328,-2.1107874832272264,0.01,2,681
2025-11-17T14:11:22,10359.772,1326908,-2.6163832815541124,-2.1262760707710733,0.01,6,682
2025-11-17T14:11:39,10376.446,1329122,-3.4483651600389713,-2.1321192556849042,0.01,3,683
2025-11-17T14:11:56,10393.082,1331336,-3.9533661568086425,-2.152182761286008,0.01,3,684
2025-11-17T14:12:07,10403.925,1332510,-4.8265606487607755,-2.1571107347526697,0.01,1,685
2025-11-17T14:12:59,10456.455,1340964,2.6128609908018925,-2.1118153423686175,0.01,15,686
2025-11-17T14:13:49,10505.943,1348898,1.7949026654776832,-2.0832468634576813,0.01,14,687
2025-11-17T14:14:20,10537.819,1353712,-1.297370358938399,-2.045978384825012,0.01,8,688
2025-11-17T14:15:02,10579.366,1360086,0.7179622010957467,-2.01038386003727,0.01,11,689
2025-11-17T14:15:26,10602.884,1363340,-2.8993310319869607,-2.0269304386557114,0.01,5,690
2025-11-17T14:15:33,10610.689,1363994,-5.556232905614262,-2.0431467300318196,0.01,0,691
2025-11-17T14:15:53,10630.394,1366728,-3.2730018164468393,-2.0632102356329236,0.01,4,692
2025-11-17T14:16:22,10659.064,1371022,-1.4394428171721767,-2.058082416084051,0.01,7,693
2025-11-17T14:16:38,10675.697,1373236,-3.944181652816783,-2.082936397504607,0.01,3,694
2025-11-17T14:17:01,10698.258,1376490,-2.8511645002445256,-2.0851022166031137,0.01,5,695
2025-11-17T14:17:36,10732.951,1381824,-1.0215056694574767,-2.0628295923861337,0.01,9,696
2025-11-17T14:18:07,10764.844,1386638,-1.2623481567324302,-2.0540878530951288,0.01,8,697
2025-11-17T14:18:39,10796.6,1391452,-1.2286755178671478,-2.0380831676854823,0.01,8,698
2025-11-17T14:18:53,10810.313,1393146,-4.1514594662937085,-2.0690781362390758,0.01,2,699
2025-11-17T14:19:22,10839.02,1397440,-1.9117852159008786,-2.073676362288742,0.01,7,700
2025-11-17T14:19:30,10846.866,1398094,-5.018638920651856,-2.084369499311963,0.01,0,701
2025-11-17T14:20:01,10878.812,1402908,-1.7142278559805506,-2.0620743187040067,0.01,8,702
2025-11-17T14:20:21,10898.498,1405642,-3.2411413290956728,-2.072593655521824,0.01,4,703
2025-11-17T14:20:53,10930.372,1410456,-1.2266936672090758,-2.0453930578381825,0.01,8,704
2025-11-17T14:21:22,10959.049,1414750,-1.9138326764071851,-2.0426361466925287,0.01,7,705
2025-11-17T14:21:32,10969.811,1415924,-4.8390264599893005,-2.0491349909177647,0.01,1,706
2025-11-17T14:22:04,11001.612,1420738,-1.2395296046299213,-2.02166425636773,0.01,8,707
2025-11-17T14:22:42,11039.306,1426592,0.06772703123749513,-1.9871218233335992,0.01,10,708
2025-11-17T14:23:01,11058.852,1429326,-3.2282051781506444,-1.9795390404425905,0.01,4,709
2025-11-17T14:23:24,11081.624,1432580,-2.8338172846281915,-1.995431021412781,0.01,5,710
2025-11-17T14:24:05,11122.151,1438954,0.24100831064737305,-1.9730024499842096,0.01,11,711
2025-11-17T14:24:31,11147.963,1442728,-2.1981839727143466,-1.945595760860615,0.01,6,712
2025-11-17T14:24:47,11164.722,1444942,-3.9215056694574764,-1.973541047495753,0.01,3,713
2025-11-17T14:25:10,11187.507,1448196,-2.3569096251703736,-1.9839872601420416,0.01,5,714
2025-11-17T14:25:52,11228.916,1454570,0.2475670493491684,-1.9392968610032169,0.01,11,715
2025-11-17T14:26:29,11266.616,1460424,0.06585314564667866,-1.9103249886659364,0.01,10,716
2025-11-17T14:27:01,11298.353,1465238,-1.2262656827115928,-1.903269601215074,0.01,8,717
2025-11-17T14:27:33,11330.131,1470052,-1.2422209797682209,-1.8832772362852128,0.01,8,718
2025-11-17T14:28:05,11361.994,1474866,-1.7646037958301743,-1.8608343013486572,0.01,8,719
2025-11-17T14:28:15,11372.812,1476040,-4.323869273622476,-1.8717824213711411,0.01,1,720
2025-11-17T14:28:35,11392.374,1478774,-3.7416310476698555,-1.869758111243491,0.01,4,721
2025-11-17T14:29:01,11418.066,1482548,-2.11928283528385,-1.8474603090242834,0.01,6,722
2025-11-17T14:29:38,11455.703,1488402,0.06804317489618716,-1.800217008393843,0.01,10,723
2025-11-17T14:30:10,11487.555,1493216,-1.2895894008208528,-1.8002182043176618,0.01,8,724
2025-11-17T14:30:45,11522.279,1498550,-1.0473973502052125,-1.7893495133523616,0.01,9,725
2025-11-17T14:31:17,11553.966,1503364,-1.2770696070587007,-1.7698864318599843,0.01,8,726
2025-11-17T14:31:24,11561.771,1504018,-5.088683325063795,-1.81632445162328,0.01,0,727
2025-11-17T14:31:38,11575.517,1505712,-4.676217513835269,-1.848597192113405,0.01,2,728
2025-11-17T14:31:49,11586.321,1506886,-4.828762305324893,-1.90861612475789,0.01,1,729
2025-11-17T14:32:15,11611.957,1510660,-2.1367784333006905,-1.9106495537796846,0.01,6,730
2025-11-17T14:32:43,11640.534,1514954,-1.9445863826850505,-1.917679763228319,0.01,7,731
2025-11-17T14:32:57,11654.231,1516648,-4.141893208794921,-1.9449126341589906,0.01,2,732
2025-11-17T14:33:11,11668.04,1518342,-4.161758224634065,-1.949233320818416,0.01,2,733
2025-11-17T14:33:40,11696.88,1522636,-1.9418720311854107,-1.9561563791118182,0.01,7,734
2025-11-17T14:34:20,11737.414,1529010,0.7075438503735278,-1.916641187878311,0.01,11,735
2025-11-17T14:34:34,11751.108,1530704,-4.6418932087949205,-1.9235926437471011,0.01,2,736
2025-11-17T14:35:03,11779.896,1534998,-1.9323597562202508,-1.91473006387888,0.01,7,737
2025-11-17T14:35:26,11803.441,1538252,-2.3542722325657013,-1.889755897979591,0.01,5,738
2025-11-17T14:35:55,11832.096,1542546,-1.9362811023173734,-1.8946485530357817,0.01,7,739
2025-11-17T14:36:23,11860.732,1546840,-1.9414902776784833,-1.9015473191890513,0.01,7,740
2025-11-17T14:36:37,11874.4,1548534,-4.176271496368897,-1.9237452952614418,0.01,2,741
2025-11-17T14:37:00,11897.078,1551788,-2.9087430934279386,-1.9113482067207541,0.01,5,742
2025-11-17T14:37:08,11904.934,1552442,-5.031420875539075,-1.9573466647601765,0.01,0,743
2025-11-17T14:37:15,11912.717,1553096,-5.036367889775119,-1.9574950751872573,0.01,0,744
2025-11-17T14:37:47,11944.34,1557910,-1.7447387799910308,-1.9642273481560202,0.01,8,745
2025-11-17T14:38:13,11970.102,1561684,-2.1643416347051097,-1.9624289479749033,0.01,6,746
2025-11-17T14:38:39,11995.965,1565458,-2.1620859956073653,-1.9735339993567027,0.01,6,747
2025-11-17T14:39:40,12057.161,1575472,4.264357137791254,-1.909326017136733,0.01,18,748
2025-11-17T14:39:54,12070.904,1577166,-4.161179919850307,-1.9293239353508187,0.01,2,749
2025-11-17T14:40:16,12093.712,1580420,-2.8471351890801477,-1.9382680648198538,0.01,5,750
2025-11-17T14:40:48,12125.404,1585234,-1.2391478511229939,-1.9309470501111867,0.01,8,751
2025-11-17T14:40:59,12136.144,1586408,-4.851372678835963,-1.9886218718306905,0.01,1,752
2025-11-17T14:41:27,12164.6,1590702,-1.948210963981161,-1.9755609310956042,0.01,7,753
2025-11-17T14:41:41,12178.268,1592396,-4.143767094385737,-1.979655397746773,0.01,2,754
2025-11-17T14:41:52,12189.123,1593570,-4.939462196029856,-1.9875655002321049,0.01,1,755
2025-11-17T14:42:08,12205.804,1595784,-3.9438538818434825,-2.034827038650833,0.01,3,756
2025-11-17T14:42:46,12243.389,1601638,0.06251785587638592,-2.0147548003413998,0.01,10,757
2025-11-17T14:43:41,12298.428,1610612,3.3345441109463945,-2.0001585398045028,0.01,16,758
2025-11-17T14:44:07,12324.197,1614386,-2.1646577783638024,-2.0095338235556444,0.01,6,759
2025-11-17T14:44:32,12349.727,1618160,-2.139410012248059,-2.0135590015578724,0.01,6,760
2025-11-17T14:44:52,12369.447,1620894,-3.7365760683665563,-2.0386810380589067,0.01,4,761
2025-11-17T14:45:30,12407.518,1626748,0.07573554680415873,-2.069045313527228,0.01,10,762
2025-11-17T14:45:59,12436.332,1631042,-1.4569096251703737,-2.0863182657934485,0.01,7,763
2025-11-17T14:46:10,12447.116,1632216,-4.83133408808133,-2.0860383345555715,0.01,1,764
2025-11-17T14:46:45,12481.886,1637550,-1.0398785532127317,-2.1059350189229264,0.01,9,765
2025-11-17T14:46:55,12492.634,1638724,-4.854326215099329,-2.132879977508823,0.01,1,766
2025-11-17T14:47:48,12545.031,1647178,3.1295103092526064,-2.080040398353967,0.01,15,767
2025-11-17T14:48:22,12579.382,1652512,-1.0747271805032104,-2.0735444858017047,0.01,9,768
2025-11-17T14:48:54,12611.055,1657326,-1.2371003906166878,-2.0424292164962314,0.01,8,769
2025-11-17T14:49:23,12640.271,1661620,-1.9869308306066702,-2.0886811543320523,0.01,7,770
2025-11-17T14:50:01,12678.56,1667474,-0.1293850423473757,-2.078996654514211,0.01,10,771
2025-11-17T14:50:54,12731.802,1675408,1.8400694299661966,-2.07729757941229,0.01,14,772
2025-11-17T14:51:20,12757.426,1679182,-2.208602323436566,-2.132785683876034,0.01,6,773
2025-11-17T14:51:37,12774.228,1681396,-3.9568979978557652,-2.152946200224127,0.01,3,774
2025-11-17T14:52:29,12826.783,1689850,2.6374648422856413,-2.098023046427776,0.01,15,775
2025-11-17T14:52:43,12840.538,1691544,-4.158488544712007,-2.1272802274860982,0.01,2,776
2025-11-17T14:53:18,12875.07,1696878,-1.0568440153221386,-2.116642999751557,0.01,9,777
2025-11-17T14:53:59,12915.964,1703252,0.7249295454373459,-2.11212763549967,0.01,11,778
2025-11-17T14:54:27,12944.672,1707546,-1.9290244664499576,-2.0991832167391093,0.01,7,779
2025-11-17T14:54:41,12958.505,1709240,-4.173263977571905,-2.1414502696843463,0.01,2,780
2025-11-17T14:55:20,12997.022,1715094,0.06972050921017425,-2.099418035195031,0.01,10,781
2025-11-17T14:56:18,13055.629,1724588,3.551962610934331,-2.0377345762701466,0.01,17,782
2025-11-17T14:56:47,13084.454,1728882,-1.9304819948578986,-2.022555744618336,0.01,7,783
2025-11-17T14:57:22,13119.126,1734216,-0.6038962927160766,-1.9890610459774103,0.01,9,784
2025-11-17T14:58:11,13168.554,1742150,1.8128937957260094,-1.9226665015325426,0.01,14,785
2025-11-17T14:58:46,13203.47,1747484,-1.0349315389766873,-1.9591444268303284,0.01,9,786
2025-11-17T14:59:03,13220.136,1749698,-3.921613634524731,-2.0163095898303522,0.01,3,787
2025-11-17T14:59:55,13272.741,1758152,3.179138245174517,-1.9715445037892232,0.01,15,788
2025-11-17T15:00:15,13292.498,1760886,-3.7337304971704466,-2.016061430771885,0.01,4,789
2025-11-17T15:00:56,13333.322,1767260,0.7127530257346377,-1.9799405901946694,0.01,11,790
2025-11-17T15:01:28,13365.079,1772074,-1.2233121464482273,-1.936611382603009,0.01,8,791
2025-11-17T15:02:03,13400.092,1777408,-1.0692558440170363,-1.914573922878711,0.01,9,792
2025-11-17T15:02:26,13423.032,1780662,-2.829406219956886,-1.928473556906558,0.01,5,793
2025-11-17T15:02:39,13436.728,1782356,-4.141249294162927,-1.9304442333200194,0.01,2,794
2025-11-17T15:02:59,13456.641,1785090,-3.2316290541305124,-1.9342488788588796,0.01,4,795
2025-11-17T15:03:28,13485.48,1789384,-1.9319240201796948,-1.943353062366102,0.01,7,796
2025-11-17T15:03:57,13514.256,1793678,-1.9391266735134836,-1.9501208475339125,0.01,7,797
2025-11-17T15:04:35,13552.11,1799532,0.03287840394701602,-1.9375053083157707,0.01,10,798
2025-11-17T15:04:46,13562.861,1800706,-4.843853881843483,-1.9444292524712685,0.01,1,799
2025-11-17T15:05:33,13610.378,1808120,1.6498766709805386,-1.9088126336024538,0.01,13,800
2025-11-17T15:05:41,13618.232,1808774,-5.5317370191977675,-1.9139436145879132,0.01,0,801
2025-11-17T15:06:24,13661.848,1815668,0.9400154474325704,-1.8874011815537821,0.01,12,802
2025-11-17T15:07:20,13717.181,1824642,3.3074224592398354,-1.821915543670427,0.01,16,803
2025-11-17T15:07:55,13751.979,1829976,-1.053902106373381,-1.8201876280620701,0.01,9,804
2025-11-17T15:08:32,13789.657,1835830,0.032442667906460665,-1.8007248746189335,0.01,10,805
2025-11-17T15:08:58,13815.425,1839604,-2.126747649742704,-1.773602086516468,0.01,6,806
2025-11-17T15:09:30,13847.268,1844418,-1.272122592822656,-1.7739280163983953,0.01,8,807
2025-11-17T15:09:56,13873.119,1848192,-2.1518758234765842,-1.796124044945536,0.01,6,808
2025-11-17T15:10:07,13883.938,1849366,-4.823553129963782,-1.8120775244636675,0.01,1,809
2025-11-17T15:10:23,13900.65,1851580,-3.936281102317374,-1.8231021626405592,0.01,3,810
2025-11-17T15:10:55,13932.342,1856394,-1.274170053328963,-1.8382539462803225,0.01,8,811
2025-11-17T15:11:38,13975.785,1863288,0.870090635402494,-1.8075712001991542,0.01,12,812
2025-11-17T15:12:01,13998.616,1866542,-2.917256552387053,-1.79752870902845,0.01,5,813
2025-11-17T15:12:36,14033.156,1871876,-1.0697801662671669,-1.784657414439418,0.01,9,814
2025-11-17T15:13:31,14088.54,1880850,3.3119877199689522,-1.7540132077332202,0.01,16,815
2025-11-17T15:14:30,14146.967,1890344,4.049548900007239,-1.7141762501896145,0.01,17,816
2025-11-17T15:14:46,14163.705,1892558,-3.9108251576101924,-1.7410218449386006,0.01,3,817
2025-11-17T15:16:00,14237.546,1904652,6.887214169341247,-1.659727493447506,0.01,22,818
2025-11-17T15:16:38,14275.029,1910506,0.07464039304546555,-1.64133505155875,0.01,10,819
2025-11-17T15:17:15,14312.524,1916360,0.07995753347383028,-1.5972967834877871,0.01,10,820
2025-11-17T15:18:46,14403.699,1931574,10.581673347235295,-1.4540637395387352,0.01,28,821
2025-11-17T15:20:05,14482.587,1944708,7.788548229595785,-1.354985428889939,0.01,24,822
2025-11-17T15:21:51,14588.083,1962522,14.189394648295842,-1.2137719141559424,0.01,33,823
2025-11-17T15:23:06,14663.053,1974616,6.86375170260674,-1.1322385031216666,0.01,22,824
2025-11-17T15:24:28,14745.809,1987750,7.756178923080633,-1.0442027403888081,0.01,24,825
2025-11-17T15:26:02,14838.858,2002444,10.37097553355004,-0.9277222889827208,0.01,27,826
2025-11-17T15:27:50,14947.729,2019738,13.557848505851535,-0.7412569706735672,0.01,32,827
2025-11-17T15:29:10,15027.513,2032352,7.5596394797561555,-0.6188984007376532,0.01,23,828
2025-11-17T15:31:20,15157.018,2052766,17.5833429300062,-0.3947773483843424,0.01,38,829
2025-11-17T15:32:21,15218.279,2062260,4.070107937240469,-0.3327084846789308,0.01,17,830
2025-11-17T15:33:25,15282.729,2072274,4.270719046948345,-0.2705554303825968,0.01,18,831
2025-11-17T15:33:43,15299.982,2074488,-3.9362811023173734,-0.2684993093178207,0.01,3,832
2025-11-17T15:35:58,15435.03,2096462,20.7794660161478,-0.01908706691000198,0.01,41,833
2025-11-17T15:37:30,15526.957,2111156,10.36802199728667,0.10401187337471841,0.01,27,834
2025-11-17T15:39:08,15624.93,2126890,10.772864922226997,0.2046650840932537,0.01,29,835
2025-11-17T15:39:22,15639.107,2128584,-4.116961586337871,0.20991440031782369,0.01,2,836
2025-11-17T15:39:42,15659.435,2131318,-3.2241642396716585,0.1969963554833096,0.01,4,837
2025-11-17T15:39:59,15676.711,2133532,-3.942122564995868,0.18111785215900825,0.01,3,838
2025-11-17T15:40:23,15700.322,2136786,-2.8250914930382267,0.17222974825179965,0.01,5,839
2025-11-17T15:41:21,15758.533,2145760,3.3671370991391303,0.2253160220199755,0.01,16,840
2025-11-17T15:42:40,15837.086,2158374,7.563626435701513,0.3427150013406798,0.01,23,841
2025-11-17T15:44:35,15951.924,2177748,16.684970157558094,0.5386521338505403,0.01,36,842
2025-11-17T15:44:51,15968.751,2179962,-3.914040854998623,0.5498259340559453,0.01,3,843
2025-11-17T15:45:26,16003.085,2185296,-0.5201561061167899,0.594988051892528,0.01,9,844
2025-11-17T15:45:46,16023.305,2188030,-3.2221707616989796,0.5802137320754484,0.01,4,845
2025-11-17T15:46:29,16066.483,2194924,0.46972050921017416,0.6065543535146012,0.01,12,846
2025-11-17T15:47:03,16100.822,2200258,-0.5351937001017525,0.6228232764696576,0.01,9,847
2025-11-17T15:47:47,16144.128,2207152,0.9569925368565839,0.5897496304603108,0.01,12,848
2025-11-17T15:49:00,16217.25,2219246,6.856718748416909,0.699928617142983,0.01,22,849
2025-11-17T15:50:25,16302.556,2233420,9.646616541353378,0.8248661344473183,0.01,26,850
2025-11-17T15:51:14,16351.664,2241354,1.8830807688811504,0.8560884206473597,0.01,14,851
2025-11-17T15:52:43,16440.066,2256048,10.379253961784835,1.0083946870535676,0.01,27,852
2025-11-17T15:53:14,16471.597,2260862,-1.711436267318068,1.0107624340201986,0.01,8,853
2025-11-17T15:55:04,16581.041,2279196,14.95106608547216,1.2017107658187778,0.01,34,854
2025-11-17T15:56:52,16689.075,2297010,14.19911897762398,1.393096577555316,0.01,33,855
2025-11-17T15:57:47,16744.613,2305984,2.8825409435448766,1.4613605258091997,0.01,16,856
2025-11-17T15:59:13,16829.927,2320158,10.166597273802852,1.5624013199884645,0.01,26,857
2025-11-17T16:00:03,16879.933,2328092,1.8798650714927199,1.5478545295939279,0.01,14,858
2025-11-17T16:01:22,16959.378,2341226,7.78770001214389,1.6473781074990048,0.01,24,859
2025-11-17T16:02:44,17041.674,2354880,8.978216666331313,1.7585543742847987,0.01,25,860
2025-11-17T16:03:28,17085.392,2361774,0.9706689401862523,1.8056268243703266,0.01,12,861
2025-11-17T16:04:18,17135.111,2369708,1.8798650714927203,1.8236681196172122,0.01,14,862
2025-11-17T16:05:05,17182.046,2377122,1.6622228898272011,1.854859444767188,0.01,13,863
2025-11-17T16:06:52,17289.081,2394936,13.65351260132337,2.0397079116612353,0.01,33,864
2025-11-17T16:07:59,17356.272,2405990,5.979548927834027,2.109902186471703,0.01,20,865
2025-11-17T16:08:13,17370.054,2407684,-4.150391442935768,2.116941534193338,0.01,2,866
2025-11-17T16:08:23,17380.845,2408858,-4.860514827608804,2.0370412828247244,0.01,1,867
2025-11-17T16:09:49,17466.324,2423032,10.183894382657092,2.149627498456327,0.01,26,868
2025-11-17T16:10:09,17485.947,2425766,-3.72846733927571,2.124713828969737,0.01,4,869
2025-11-17T16:10:43,17520.406,2431100,-0.5448814878681719,2.1391343223971218,0.01,9,870
2025-11-17T16:11:00,17537.121,2433314,-3.9140408549986225,2.101287764270609,0.01,3,871
2025-11-17T16:11:22,17559.798,2436568,-2.820981347207346,2.054677256498874,0.01,5,872
2025-11-17T16:12:14,17611.544,2444502,1.8802313219135027,2.0955655929523744,0.01,14,873
2025-11-17T16:13:18,17675.571,2454516,4.281951011446511,2.177954083045398,0.01,18,874
2025-11-17T16:15:32,17809.334,2475970,20.089589400820838,2.3524753286307494,0.01,40,875
2025-11-17T16:18:22,17979.752,2503664,29.85237329359382,2.6925839470138078,0.01,52,876
2025-11-17T16:19:02,18019.467,2509518,0.06697902730978234,2.7038221774401268,0.01,10,877
2025-11-17T16:19:56,18073.562,2517452,1.8473761725957027,2.7150466437117107,0.01,14,878
2025-11-17T16:21:10,18147.149,2529026,6.667069690539061,2.801007585281601,0.01,21,879
2025-11-17T16:22:15,18212.288,2539560,4.472278865900175,2.8874630137163217,0.01,19,880
2025-11-17T16:23:07,18264.422,2548014,3.1697917935817754,2.918463726560038,0.01,15,881
2025-11-17T16:23:53,18310.663,2555428,1.1655581795974967,2.8945996822466697,0.01,13,882
2025-11-17T16:24:01,18318.47,2556082,-5.038384344109137,2.863520658754157,0.01,0,883
2025-11-17T16:25:05,18382.712,2566616,4.470385601451678,2.9142634776958345,0.01,19,884
2025-11-17T16:26:01,18438.053,2575590,3.36026221677864,2.929737161906361,0.01,16,885
2025-11-17T16:26:14,18451.715,2577284,-4.126211700177965,2.898824360294348,0.01,2,886
2025-11-17T16:27:13,18509.989,2586778,3.580090551922132,2.9738414021588166,0.01,17,887
2025-11-17T16:28:19,18576.706,2597832,5.990109847299448,3.0019511181800658,0.01,20,888
2025-11-17T16:29:15,18632.393,2606806,3.3199422530019893,3.07248784568179,0.01,16,889
2025-11-17T16:29:26,18643.28,2607980,-4.9339058708377665,3.0160212567160665,0.01,1,890
2025-11-17T16:29:58,18675.182,2612794,-1.2262656827115928,3.0159917213534326,0.01,8,891
2025-11-17T16:30:29,18706.698,2617608,-1.2258299466710376,3.014425980326893,0.01,8,892
2025-11-17T16:31:43,18780.691,2629182,6.672379079424354,3.1094438333207055,0.01,21,893
2025-11-17T16:32:26,18823.217,2635556,0.24251594581740554,3.153281485720508,0.01,11,894
2025-11-17T16:32:34,18831.195,2636210,-5.103797877943724,3.1345597974823756,0.01,0,895
2025-11-17T16:32:42,18839.128,2636864,-5.563948253883574,3.098239555145337,0.01,0,896
2025-11-17T16:32:50,18847.087,2637518,-5.151166298996356,3.066119158890508,0.01,0,897
2025-11-17T16:33:23,18880.118,2642332,-1.2331405650720808,3.0534589692003173,0.01,8,898
2025-11-17T16:34:27,18944.304,2652346,4.277609432394977,3.144673602342701,0.01,18,899
2025-11-17T16:35:12,18989.579,2659240,0.9723462745002385,3.137898298377899,0.01,12,900
2025-11-17T16:36:33,19070.77,2671854,7.019527694570938,3.2634109455155853,0.01,23,901
2025-11-17T16:36:48,19084.928,2673548,-4.146076716017109,3.212550023881089,0.01,2,902
2025-11-17T16:37:17,19114.316,2677842,-1.9480913715992982,3.159994885572698,0.01,7,903
2025-11-17T16:39:07,19224.314,2696176,14.932982493242722,3.3198637315688586,0.01,34,904
2025-11-17T16:39:31,19247.971,2699430,-2.841336081620673,3.291125944073587,0.01,5,905
2025-11-17T16:40:19,19296.209,2706844,1.140190821099889,3.3237953287820137,0.01,13,906
2025-11-17T16:41:48,19385.104,2721018,10.161808331396152,3.4381346380242013,0.01,26,907
2025-11-17T16:42:16,19413.658,2725312,-1.9755947768127857,3.43989744849084,0.01,7,908
2025-11-17T16:42:24,19421.799,2725966,-5.5411953116293,3.4327210266741846,0.01,0,909
2025-11-17T16:42:45,19442.128,2728700,-3.2363022799268837,3.43972081489809,0.01,4,910
2025-11-17T16:43:02,19459.058,2730914,-4.051253086454101,3.411949984566839,0.01,3,911
2025-11-17T16:43:13,19469.942,2732088,-4.418606115727739,3.3590630170555356,0.01,1,912
2025-11-17T16:44:07,19524.389,2740542,2.6528803140059978,3.4147643857194665,0.01,15,913
2025-11-17T16:45:15,19592.033,2751076,4.960279518616614,3.4750649825683047,0.01,19,914
2025-11-17T16:46:50,19687.051,2766290,10.521696546210936,3.547162070830724,0.01,28,915
2025-11-17T16:47:57,19753.863,2777344,5.96615378621923,3.5663281196928445,0.01,20,916
2025-11-17T16:48:40,19797.164,2784238,0.9577250376981521,3.6150136216459274,0.01,12,917
2025-11-17T16:49:06,19822.87,2788012,-2.1379140043926346,3.524762339908589,0.01,6,918
2025-11-17T16:49:29,19846.076,2791266,-2.838644706482373,3.4956294889133104,0.01,5,919
2025-11-17T16:50:03,19880.385,2796600,-1.030219833732833,3.484527715241244,0.01,9,920
2025-11-17T16:51:16,19953.337,2808694,6.845799051805896,3.4471689722869496,0.01,22,921
2025-11-17T16:52:50,20047.162,2824428,11.22355700573531,3.4815190600483445,0.01,29,922
2025-11-17T16:54:56,20173.104,2845882,20.08438022545973,3.540468915819984,0.01,40,923
2025-11-17T16:55:33,20210.437,2851736,0.06916905655929151,3.4725230893595103,0.01,10,924
2025-11-17T16:56:46,20283.741,2863310,6.6334316553497255,3.461295616682201,0.01,21,925
2025-11-17T16:57:54,20351.592,2874364,5.906712934759608,3.4166529906942964,0.01,20,926
2025-11-17T16:58:59,20415.956,2884898,4.481825744541282,3.3258927630811934,0.01,19,927
2025-11-17T16:59:52,20469.442,2893352,3.0556486480392637,3.2808528547640234,0.01,15,928
2025-11-17T17:00:15,20491.995,2896606,-2.8319780027133223,3.0766996454368267,0.01,5,929
2025-11-17T17:00:34,20511.555,2899340,-3.215739366922119,3.0038411723952017,0.01,4,930
2025-11-17T17:00:57,20534.125,2902594,-2.8206535762340454,2.9329274461633776,0.01,5,931
2025-11-17T17:02:32,20628.985,2918328,11.268180069116017,3.084972057877711,0.01,29,932
2025-11-17T17:03:33,20690.618,2928342,4.2386503810057405,2.9195639015262906,0.01,18,933
2025-11-17T17:04:50,20767.429,2940956,7.04985341635132,2.886382215716937,0.01,23,934
2025-11-17T17:05:44,20821.577,2949410,3.1408887182655114,2.8100624536773227,0.01,15,935
2025-11-17T17:05:58,20835.581,2951104,-4.180466630905693,2.8094274032316435,0.01,2,936
2025-11-17T17:06:09,20846.576,2952278,-4.905627609563691,2.7926127695327234,0.01,1,937
2025-11-17T17:06:17,20854.364,2952932,-5.660863776191614,2.775425357420766,0.01,0,938
2025-11-17T17:06:43,20879.996,2956706,-2.2076422651458802,2.78159984969969,0.01,6,939
2025-11-17T17:07:05,20902.749,2959960,-2.925284446811397,2.7186756342401845,0.01,5,940
2025-11-17T17:08:27,20984.302,2973614,9.42241174521453,2.7372634873353143,0.01,25,941
2025-11-17T17:09:47,21064.138,2986748,7.6193752972649555,2.646607538732384,0.01,24,942
2025-11-17T17:11:03,21140.327,2999362,7.48218424341899,2.7605697897165595,0.01,23,943
2025-11-17T17:12:22,21219.474,3012496,7.717119658167208,2.8429425473594,0.01,24,944
2025-11-17T17:13:11,21268.733,3020430,1.8460767160171105,2.8936250221365616,0.01,14,945
2025-11-17T17:14:21,21338.784,3032004,6.652432950650828,2.9554521465509684,0.01,21,946
2025-11-17T17:15:59,21436.582,3048258,12.660802042114907,3.0874121039731346,0.01,30,947
2025-11-17T17:17:15,21512.665,3060352,6.826315789473681,3.1461053364993057,0.01,22,948
2025-11-17T17:18:39,21596.111,3074006,9.44691150740256,3.1720072640891614,0.01,25,949
2025-11-17T17:19:47,21664.061,3085060,5.926473861303031,3.134805837288658,0.01,20,950
2025-11-17T17:19:55,21671.906,3085714,-5.536051746116426,3.0606145121386823,0.01,0,951
2025-11-17T17:20:14,21691.403,3088448,-3.258716102161125,2.9242348114992223,0.01,4,952
2025-11-17T17:20:58,21734.941,3095342,0.9553536819900788,2.9509027109923034,0.01,12,953
2025-11-17T17:22:11,21808.67,3107436,6.817173640700844,2.8695637865445907,0.01,22,954
2025-11-17T17:22:22,21819.549,3108610,-4.868033624601285,2.6788922605223378,0.01,1,955
2025-11-17T17:22:33,21830.384,3109784,-4.89810881257121,2.6010857629611777,0.01,1,956
2025-11-17T17:22:41,21838.176,3110438,-5.07063821228184,2.448713408100332,0.01,0,957
2025-11-17T17:22:52,21849.051,3111612,-4.837958436631361,2.381535173019091,0.01,1,958
2025-11-17T17:23:08,21865.651,3113826,-3.9402680582627325,2.2642554923150247,0.01,3,959
2025-11-17T17:23:19,21876.401,3115000,-3.8507403915185785,2.135965921736526,0.01,1,960
2025-11-17T17:23:30,21887.129,3116174,-4.8582591885110595,2.0776766404495532,0.01,1,961
2025-11-17T17:25:17,21993.913,3133988,13.75114899715837,2.1963894797062093,0.01,33,962
2025-11-17T17:26:03,22040.498,3141402,1.6671699040632486,2.1964389498485706,0.01,13,963
2025-11-17T17:26:11,22048.284,3142056,-5.049030252280474,2.0094135213125317,0.01,0,964
2025-11-17T17:26:37,22073.855,3145830,-2.6578986126136415,1.9230390459080544,0.01,6,965
2025-11-17T17:27:49,22146.432,3157404,6.659323336097464,2.031136193698387,0.01,21,966
2025-11-17T17:29:25,22242.641,3172618,10.522718338578317,2.184968525360259,0.01,28,967
2025-11-17T17:29:37,22254.04,3173792,-4.876446870036217,2.034365112833325,0.01,1,968
2025-11-17T17:30:45,22321.961,3184326,4.9590611749724,2.121240397975806,0.01,19,969
2025-11-17T17:31:58,22395.743,3196420,6.864549813296547,2.1953347109874537,0.01,22,970
2025-11-17T17:33:36,22493.514,3212674,12.670838639330194,2.3611835059307418,0.01,30,971
2025-11-17T17:35:08,22585.216,3227888,10.5654558890536,2.4950478782933514,0.01,28,972
2025-11-17T17:35:19,22596.028,3229062,-4.361266707308053,2.4326328980011356,0.01,1,973
2025-11-17T17:35:35,22612.674,3231276,-3.9357567800672437,2.350455820085998,0.01,3,974
2025-11-17T17:37:13,22710.4,3247530,12.662938088830789,2.276189306966096,0.01,30,975
2025-11-17T17:38:06,22762.87,3255984,2.6645325114585754,2.0043108991447443,0.01,15,976
2025-11-17T17:38:40,22797.644,3261318,-0.5300501345888782,1.998340607525758,0.01,9,977
2025-11-17T17:40:16,22893.395,3277052,11.267736581532388,2.0925442116151247,0.01,29,978
2025-11-17T17:41:09,22945.913,3285506,2.6518430185524684,2.0523919448952586,0.01,15,979
2025-11-17T17:42:37,23033.906,3299680,9.667125471824512,2.1043404109545016,0.01,26,980
2025-11-17T17:43:52,23109.746,3311774,6.833834586466162,2.1409808388833453,0.01,22,981
2025-11-17T17:44:00,23117.546,3312428,-5.076653249875824,2.0785587245886123,0.01,0,982
2025-11-17T17:45:28,23205.409,3327122,10.381432363719737,2.232756891666901,0.01,27,983
2025-11-17T17:46:42,23279.053,3339216,6.699128527918887,2.255044320931573,0.01,22,984
2025-11-17T17:46:49,23286.847,3339870,-5.656352497996125,2.164878173783826,0.01,0,985
2025-11-17T17:48:00,23357.389,3351444,6.667212259282266,2.272812413378428,0.01,21,986
2025-11-17T17:48:08,23365.161,3352098,-5.063751702606744,2.18637399083314,0.01,0,987
2025-11-17T17:48:30,23387.641,3355352,-2.8398129433644965,2.0980747629264997,0.01,5,988
2025-11-17T17:50:03,23480.167,3370566,10.549134341576185,2.1703666838122415,0.01,28,989
2025-11-17T17:52:04,23601.129,3390980,17.66472338821202,2.39635297640274,0.01,38,990
2025-11-17T17:52:44,23641.783,3397354,0.7600057301769418,2.416215690531625,0.01,11,991
2025-11-17T17:53:07,23664.567,3400608,-2.830111868665579,2.4001728713116797,0.01,5,992
2025-11-17T17:53:48,23705.269,3406982,0.2549662539597852,2.335998743057034,0.01,11,993
2025-11-17T17:55:05,23782.437,3419596,7.571341783970825,2.4092870014385688,0.01,23,994
2025-11-17T17:56:36,23873.425,3434810,10.542139866833836,2.565746378886344,0.01,28,995
2025-11-17T17:56:50,23887.183,3436504,-4.135353848950806,2.5800323229356716,0.01,2,996
2025-11-17T17:58:15,23972.603,3450678,9.641403490220732,2.727958020827843,0.01,26,997
2025-11-17T17:58:50,24007.152,3456012,-0.538972477455674,2.734899701704007,0.01,9,998
2025-11-17T18:00:11,24087.966,3469146,7.7396760491446575,2.7695203678715035,0.01,24,999
2025-11-17T18:01:06,24143.722,3478120,3.370719046948345,2.7935040955959844,0.01,16,1000
2025-11-17T18:03:07,24264.439,3498534,17.50320794584535,2.8983408981087284,0.01,38,1001
2025-11-17T18:04:08,24325.578,3508548,4.250641976746224,2.982308085036363,0.01,18,1002
2025-11-17T18:04:52,24369.441,3515442,0.9200153361254175,3.010989152113609,0.01,12,1003
2025-11-17T18:06:24,24460.981,3530656,10.529531486862105,2.9669546420498034,0.01,28,1004
2025-11-17T18:06:44,24480.888,3533390,-3.2488220736890363,2.9628797821291193,0.01,4,1005
2025-11-17T18:07:09,24506.581,3537164,-2.1835821147699406,2.9296420527704212,0.01,6,1006
2025-11-17T18:08:26,24583.397,3549778,6.993952157481896,2.8979634910312786,0.01,23,1007
2025-11-17T18:09:34,24651.695,3560832,5.88415654378216,2.976561004237228,0.01,20,1008
2025-11-17T18:09:46,24663.539,3562006,-4.3432215945260975,2.9885407414082605,0.01,1,1009
2025-11-17T18:10:34,24711.777,3569420,1.1485733386304107,3.0323894975938335,0.01,13,1010
2025-11-17T18:10:57,24734.591,3572674,-2.8386447064823734,3.044515581393549,0.01,5,1011
2025-11-17T18:11:41,24778.35,3579568,0.9063273054811432,3.097764915605639,0.01,12,1012
2025-11-17T18:12:07,24804.063,3583342,-2.1838442758950056,3.0493976697066283,0.01,6,1013
2025-11-17T18:12:35,24832.643,3587636,-1.9729690115227212,2.9800651844052357,0.01,7,1014
2025-11-17T18:12:58,24855.475,3590890,-2.8519626109343297,2.846328592833783,0.01,5,1015
2025-11-17T18:13:18,24875.298,3593624,-3.2445306013995934,2.754221748957595,0.01,4,1016
2025-11-17T18:14:08,24925.118,3601558,1.847098508384494,2.7631154836644582,0.01,14,1017
2025-11-17T18:15:27,25004.496,3614692,7.758384455416284,2.862078468262547,0.01,24,1018
2025-11-17T18:15:47,25024.104,3617426,-3.2537151053914535,2.8579277642734566,0.01,4,1019
2025-11-17T18:16:37,25073.913,3625360,1.8722266821183746,2.886952229431968,0.01,14,1020
2025-11-17T18:18:02,25159.177,3639534,9.663736199520594,2.915131600909116,0.01,26,1021
2025-11-17T18:19:36,25253.77,3655268,11.252656632328405,2.9154225971750467,0.01,29,1022
2025-11-17T18:20:56,25333.675,3668402,7.711648321681041,2.7916952781372606,0.01,24,1023
2025-11-17T18:21:07,25344.418,3669576,-4.859469780612203,2.7424088897655463,0.01,1,1024
2025-11-17T18:21:24,25361.095,3671790,-3.9182899720690463,2.6368916734913586,0.01,3,1025
2025-11-17T18:22:41,25437.886,3684404,7.523830794174989,2.653062852085513,0.01,23,1026
2025-11-17T18:23:27,25484.041,3691818,1.1220571221083597,2.6194651658611834,0.01,13,1027
2025-11-17T18:24:31,25547.9,3702352,4.94283984101917,2.6383370777909825,0.01,19,1028
2025-11-17T18:24:38,25555.699,3703006,-5.169211411778311,2.614964743700333,0.01,0,1029
2025-11-17T18:24:58,25575.33,3705740,-3.8097049504704543,2.609025087864849,0.01,4,1030
2025-11-17T18:25:15,25592.054,3707954,-3.976065116529289,2.597470972461897,0.01,3,1031
2025-11-17T18:25:34,25611.608,3710688,-3.3097049504704543,2.451692122266031,0.01,4,1032
2025-11-17T18:25:48,25625.469,3712382,-4.253857674134656,2.366767041714628,0.01,2,1033
2025-11-17T18:25:59,25636.211,3713556,-4.850936942795408,2.2477591381231603,0.01,1,1034
2025-11-17T18:28:00,25757.251,3733970,17.59489103816306,2.392299161322136,0.01,38,1035
2025-11-17T18:30:05,25882.158,3754904,18.245141711107454,2.6165552447422673,0.01,39,1036
2025-11-17T18:32:16,26013.089,3776878,20.846873027955073,2.8740802511174555,0.01,41,1037
2025-11-17T18:33:08,26065.747,3785332,3.1567900327885132,2.962256789207256,0.01,15,1038
2025-11-17T18:34:37,26154.557,3800026,10.311353355631855,3.087446745415034,0.01,27,1039
2025-11-17T18:36:03,26240.507,3814200,9.652404021498246,3.213223630098131,0.01,26,1040
2025-11-17T18:36:26,26263.322,3817454,-2.9769711922863467,3.089229800723122,0.01,5,1041
2025-11-17T18:36:49,26285.988,3820708,-2.8643088297809918,2.9843929594526624,0.01,5,1042
2025-11-17T18:37:11,26308.538,3823962,-2.833971480686002,2.881231402211613,0.01,5,1043
2025-11-17T18:38:22,26379.236,3835536,6.631989630027932,2.8703801019302198,0.01,21,1044
2025-11-17T18:40:13,26489.954,3853870,14.47444384176862,2.9966637731877346,0.01,34,1045
2025-11-17T18:40:35,26512.617,3857124,-2.3709215510164148,2.9064302281710623,0.01,5,1046
2025-11-17T18:40:52,26529.316,3859338,-3.963718897682626,2.740185018773086,0.01,3,1047
2025-11-17T18:41:09,26546.101,3861552,-3.943799899309855,2.6324838618852517,0.01,3,1048
2025-11-17T18:44:06,26723.585,3891846,34.0650568337087,2.8786653151483126,0.01,57,1049
2025-11-17T18:44:17,26734.527,3893020,-4.403252378084084,2.775368052754442,0.01,1,1050
2025-11-17T18:44:43,26760.141,3896794,-2.617416701236106,2.804554403203245,0.01,6,1051
2025-11-17T18:46:26,26863.499,3913568,13.33921913549459,2.9705337555798024,0.01,31,1052
2025-11-17T18:47:14,26911.309,3920982,1.1781125770355954,2.9727613445302574,0.01,13,1053
2025-11-17T18:48:52,27009.593,3936716,11.236277226545832,3.0169523803887075,0.01,29,1054
2025-11-17T18:50:31,27108.113,3952450,11.169857403430003,3.1773312906690205,0.01,29,1055
2025-11-17T18:51:32,27169.056,3961944,3.5619568529305994,3.2619319473240385,0.01,17,1056
2025-11-17T18:53:34,27291.837,3980798,16.57152311042938,3.4783535605511515,0.01,35,1057
2025-11-17T18:54:43,27360.1,3991332,4.971014012997525,3.5764432850474397,0.01,19,1058
2025-11-17T18:55:55,27432.235,4002906,6.168704391366153,3.677533009543728,0.01,21,1059
2025-11-17T18:57:01,27498.483,4013440,4.975000968942885,3.765790423148342,0.01,19,1060
2025-11-17T18:57:31,27528.055,4017734,-1.9304819948578986,3.7950681950848746,0.01,7,1061
2025-11-17T18:58:40,27597.107,4028788,5.965783660026905,3.7172145417135596,0.01,20,1062
2025-11-17T19:00:07,27683.862,4042442,9.486051606982485,3.7954033587427523,0.01,25,1063
2025-11-17T19:00:49,27726.083,4048816,0.2668922398520368,3.848562583664077,0.01,11,1064
2025-11-17T19:02:23,27820.244,4064030,11.085937967391866,3.986000949464132,0.01,28,1065
2025-11-17T19:04:33,27950.501,4085484,20.174289645710815,4.121150612560266,0.01,40,1066
2025-11-17T19:05:27,28004.124,4093938,2.664216367799882,4.0425655928524815,0.01,15,1067
2025-11-17T19:06:30,28067.779,4103952,4.277555449861349,4.134105616051458,0.01,18,1068
2025-11-17T19:07:17,28114.294,4111366,1.6749508621807943,4.101264512923541,0.01,13,1069
2025-11-17T19:09:08,28225.093,4129700,14.405849214221552,4.1766775069327915,0.01,34,1070
2025-11-17T19:10:05,28282.549,4138674,3.3616117801193273,4.083585238340683,0.01,16,1071
2025-11-17T19:11:42,28379.202,4154408,11.272864922226994,4.090659328672415,0.01,29,1072
2025-11-17T19:13:34,28491.353,4172742,14.384654013899404,4.278118535884491,0.01,34,1073
2025-11-17T19:14:49,28566.18,4184836,6.868540645013442,4.386161510135299,0.01,22,1074
2025-11-17T19:15:33,28610.688,4191730,0.9778292383010214,4.269310421629999,0.01,12,1075
2025-11-17T19:16:58,28695.004,4205384,9.39491221577258,4.336614218673139,0.01,25,1076
2025-11-17T19:18:17,28774.172,4217998,7.044011953672822,4.412354839555757,0.01,23,1077
2025-11-17T19:19:37,28853.976,4230612,7.544274114797892,4.375120214888411,0.01,23,1078
2025-11-17T19:20:13,28889.915,4235946,-1.016624265069668,4.338435542052189,0.01,9,1079
2025-11-17T19:21:12,28949.611,4245440,4.068338140945371,4.282447668743399,0.01,17,1080
2025-11-17T19:21:41,28978.83,4249734,-1.9278562295678343,4.194830760583058,0.01,7,1081
2025-11-17T19:22:11,29008.135,4254028,-1.4278562295678343,4.231318730786139,0.01,7,1082
2025-11-17T19:23:30,29087.681,4266642,7.0342375175826035,4.197846782324767,0.01,23,1083
2025-11-17T19:24:54,29171.074,4279776,7.684036951400294,4.207695866559581,0.01,24,1084
2025-11-17T19:25:17,29194.567,4283030,-2.380923544555758,4.240450156093984,0.01,5,1085
2025-11-17T19:25:47,29223.982,4287324,-2.0306015872397607,4.153472017628764,0.01,7,1086
2025-11-17T19:25:57,29234.854,4288498,-4.901116331368202,4.15509837134115,0.01,1,1087
2025-11-17T19:27:11,29308.068,4300072,6.669464022608472,4.250191141000879,0.01,21,1088
2025-11-17T19:27:37,29334.309,4303846,-2.6439406693012275,4.118260390892105,0.01,6,1089
2025-11-17T19:28:31,29388.346,4312300,3.1595315146889043,3.973208472156875,0.01,15,1090
2025-11-17T19:29:29,29446.288,4321274,3.3472064734517515,3.9990804795896224,0.01,16,1091
2025-11-17T19:30:53,29530.601,4334928,8.966306183525205,4.11704466011153,0.01,25,1092
2025-11-17T19:32:15,29612.522,4348062,8.204337703279997,4.196538374604732,0.01,24,1093
2025-11-17T19:32:38,29635.573,4351316,-2.8335551235031264,4.092489405529992,0.01,5,1094
2025-11-17T19:33:54,29711.444,4363410,6.788602212129414,4.054954028982948,0.01,22,1095
2025-11-17T19:34:02,29719.5,4364064,-5.07890888897357,4.045518478582721,0.01,0,1096
2025-11-17T19:34:10,29727.429,4364718,-5.548833701003645,3.8936161066704766,0.01,0,1097
2025-11-17T19:34:18,29735.418,4365372,-5.111239716041238,3.847893434284621,0.01,0,1098
2025-11-17T19:34:29,29746.417,4366546,-4.903371970465947,3.7214629540885147,0.01,1,1099
2025-11-17T19:34:46,29763.599,4368760,-3.9883883590146114,3.647871880028886,0.01,3,1100
2025-11-17T19:34:57,29774.819,4369934,-4.91389828625542,3.4237008177078785,0.01,1,1101
2025-11-17T19:35:11,29788.779,4371628,-4.1789628715071965,3.339404769225343,0.01,2,1102
2025-11-17T19:35:32,29808.874,4374362,-3.2760093352438315,3.2974445225116504,0.01,4,1103
2025-11-17T19:35:49,29825.972,4376576,-3.9613206898416795,3.152536000744613,0.01,3,1104
2025-11-17T19:36:39,29876.667,4384510,1.8780257895778503,3.2038044793772813,0.01,14,1105
2025-11-17T19:37:59,29956.85,4397124,7.514198926827964,3.300782289793261,0.01,23,1106
2025-11-17T19:38:23,29980.278,4400378,-2.859415798078575,3.202248610237656,0.01,5,1107
2025-11-17T19:39:48,30065.805,4414032,9.399423493968065,3.2374012797395157,0.01,25,1108
2025-11-17T19:41:37,30174.107,4431846,13.670489690747386,3.4175383925922507,0.01,33,1109
2025-11-17T19:42:43,30240.345,4442380,4.978270648864944,3.4558353656945964,0.01,19,1110
2025-11-17T19:43:35,30292.292,4450314,1.8726624181589298,3.502948436941009,0.01,14,1111
2025-11-17T19:44:36,30353.383,4459808,3.571735164792364,3.5296025155341204,0.01,17,1112
